Favorites,Retweets,Class,New_Feature
138,43,1,0
95,14,1,2
92,50,1,0
84,61,1,1
80,37,1,1
80,3,1,0
79,45,1,0
79,17,1,0
79,12,1,2
79,5,1,0
78,21,1,0
78,13,1,0
78,7,1,0
77,48,1,0
77,27,1,1
77,21,1,0
77,12,1,0
76,55,1,1
76,27,1,0
76,24,1,0
76,22,1,1
76,13,1,0
76,9,1,2
75,75,1,0
75,60,1,0
75,55,1,0
75,39,1,0
75,12,1,0
75,10,1,0
75,9,1,0
74,72,1,0
74,57,1,0
74,49,1,1
74,42,1,1
74,33,1,0
73,58,1,0
73,37,1,0
73,29,1,0
72,68,1,0
72,55,1,0
72,54,1,0
72,39,1,0
72,25,1,0
72,13,1,0
71,68,1,0
71,36,1,1
71,32,1,0
71,24,1,0
71,21,1,0
71,21,1,1
71,15,1,0
71,5,1,0
71,4,1,1
70,56,1,0
70,36,1,0
70,32,1,0
70,30,1,0
70,17,1,1
70,7,1,0
69,54,1,0
69,52,1,2
69,46,1,0
69,40,1,1
69,15,1,0
69,10,1,0
69,2,1,0
68,69,1,0
68,66,1,0
68,26,1,3
68,15,1,0
68,9,1,0
68,8,1,0
67,47,1,0
67,32,1,1
67,27,1,0
67,21,1,0
67,17,1,0
67,12,1,1
66,72,1,3
66,50,1,1
66,33,1,0
66,27,1,0
66,22,1,0
66,12,1,0
66,1,1,0
65,73,1,0
65,53,1,0
65,46,1,1
65,44,1,0
65,41,1,0
65,31,1,0
65,28,1,0
65,22,1,3
65,15,1,1
65,14,1,1
65,13,1,0
64,66,1,0
64,41,1,0
64,35,1,0
64,28,1,1
64,7,1,0
64,6,1,0
64,5,1,0
63,57,1,0
63,38,1,2
63,31,1,1
63,26,1,0
63,21,1,0
63,17,1,1
63,16,1,0
62,51,1,0
61,75,1,0
61,59,1,0
61,55,1,0
61,29,1,0
61,7,1,0
61,3,1,1
60,76,1,1
60,50,1,1
60,49,1,1
60,48,1,2
60,41,1,0
60,22,1,1
60,17,1,0
59,48,1,0
59,31,1,0
59,17,1,0
58,51,1,0
58,47,1,0
58,40,1,0
58,11,1,1
58,2,1,0
58,1,1,0
57,52,1,0
57,32,1,0
57,27,1,1
57,26,1,0
57,23,1,0
57,16,1,0
57,1,1,0
56,37,1,0
56,29,1,0
56,7,1,0
55,72,1,1
55,32,1,0
55,17,1,0
55,9,1,0
55,4,1,2
55,3,1,0
55,1,1,0
54,63,1,0
54,50,1,0
54,47,1,0
54,47,1,0
54,46,1,0
54,21,1,0
54,19,1,1
54,6,1,0
53,60,1,0
53,60,1,0
53,52,1,0
53,32,1,0
53,21,1,0
53,19,1,0
53,11,1,0
52,65,1,0
52,58,1,0
52,54,1,0
52,53,1,0
52,52,1,0
52,44,1,0
52,29,1,1
52,28,1,1
52,22,1,0
52,19,1,0
52,17,1,0
52,16,1,0
51,51,1,0
51,37,1,3
51,26,1,0
51,4,1,0
50,77,1,0
50,77,1,0
50,75,1,1
50,74,1,0
50,64,1,0
50,58,1,0
50,57,1,0
50,56,1,0
50,54,1,0
50,52,1,1
50,50,1,0
50,49,1,2
50,46,1,1
50,45,1,0
50,45,1,0
50,39,1,0
50,39,1,0
50,39,1,0
50,38,1,1
50,38,1,0
50,37,1,0
50,36,1,1
50,33,1,0
50,32,1,0
50,32,1,0
50,31,1,0
50,29,1,0
50,28,1,0
50,28,1,0
50,25,1,0
50,24,1,0
50,22,1,0
50,22,1,0
50,21,1,2
50,21,1,2
50,20,1,0
50,19,1,0
50,18,1,0
50,18,1,0
50,17,1,1
50,17,1,1
50,16,1,5
50,14,1,0
50,14,1,1
50,13,1,1
50,4,1,0
50,2,1,0
50,1,1,0
50,0,1,3
50,0,1,0
50,0,1,0
50,0,1,0
50,0,1,0
50,0,1,0
49,73,1,0
49,67,1,0
49,66,1,1
49,62,1,0
49,60,1,0
49,59,1,1
49,58,1,1
49,55,1,1
49,51,1,0
49,50,1,0
49,48,1,1
49,47,1,1
49,46,1,0
49,45,1,0
49,45,1,0
49,43,1,0
49,43,1,0
49,43,1,0
49,43,1,0
49,40,1,0
49,37,1,1
49,28,1,0
49,27,1,1
49,26,1,0
49,25,1,0
49,23,1,0
49,20,1,0
49,18,1,1
49,15,1,0
49,15,1,1
49,15,1,0
49,14,1,0
49,13,1,0
49,13,1,3
49,11,1,0
49,10,1,0
49,10,1,0
49,10,1,0
49,9,1,1
49,8,1,0
49,6,1,0
49,6,1,0
49,6,1,0
49,5,1,0
49,5,1,1
49,4,1,3
49,4,1,0
49,2,1,0
49,0,1,0
49,0,1,0
49,0,1,0
49,0,1,0
49,0,1,0
49,0,1,0
48,72,1,0
48,68,1,0
48,65,1,0
48,64,1,0
48,62,1,0
48,58,1,1
48,54,1,0
48,53,1,2
48,53,1,0
48,53,1,0
48,50,1,0
48,49,1,0
48,48,1,0
48,46,1,0
48,45,1,0
48,44,1,1
48,43,1,0
48,42,1,0
48,41,1,0
48,41,1,3
48,41,1,0
48,41,1,0
48,40,1,0
48,40,1,1
48,40,1,1
48,39,1,1
48,37,1,1
48,35,1,0
48,32,1,1
48,29,1,1
48,29,1,0
48,25,1,3
48,24,1,0
48,23,1,0
48,22,1,0
48,19,1,2
48,18,1,0
48,17,1,0
48,16,1,1
48,16,1,0
48,14,1,0
48,14,1,0
48,13,1,2
48,9,1,0
48,6,1,1
48,1,1,0
48,0,1,0
48,0,1,4
48,0,1,0
48,0,1,0
48,0,1,0
47,79,1,0
47,72,1,0
47,70,1,0
47,64,1,0
47,63,1,0
47,59,1,0
47,56,1,4
47,56,1,1
47,53,1,0
47,47,1,0
47,47,1,1
47,46,1,1
47,46,1,0
47,45,1,0
47,43,1,9
47,43,1,0
47,42,1,0
47,38,1,0
47,38,1,6
47,32,1,0
47,32,1,1
47,32,1,0
47,27,1,0
47,26,1,3
47,26,1,0
47,25,1,0
47,24,1,0
47,23,1,0
47,23,1,0
47,19,1,0
47,18,1,0
47,18,1,0
47,17,1,0
47,13,1,4
47,13,1,0
47,11,1,1
47,10,1,0
47,10,1,0
47,7,1,1
47,5,1,0
47,4,1,0
47,2,1,2
47,0,1,0
47,0,1,0
47,0,1,0
47,0,1,0
47,0,1,0
46,78,1,0
46,77,1,0
46,76,1,0
46,74,1,0
46,74,1,1
46,67,1,0
46,65,1,0
46,64,1,0
46,63,1,0
46,58,1,0
46,57,1,0
46,56,1,0
46,55,1,0
46,55,1,0
46,53,1,0
46,48,1,0
46,48,1,0
46,46,1,1
46,46,1,0
46,46,1,0
46,42,1,1
46,41,1,0
46,40,1,0
46,36,1,0
46,36,1,0
46,34,1,0
46,33,1,0
46,32,1,1
46,29,1,0
46,28,1,0
46,26,1,1
46,23,1,0
46,18,1,0
46,18,1,0
46,16,1,0
46,16,1,0
46,15,1,0
46,15,1,0
46,12,1,0
46,8,1,1
46,5,1,0
46,4,1,0
46,2,1,0
46,1,1,1
46,0,1,0
46,0,1,0
46,0,1,0
46,0,1,0
46,0,1,0
46,0,1,0
46,0,1,0
45,70,1,0
45,64,1,0
45,62,1,0
45,60,1,0
45,55,1,2
45,54,1,0
45,53,1,0
45,53,1,0
45,52,1,0
45,52,1,0
45,50,1,1
45,49,1,0
45,49,1,0
45,48,1,0
45,45,1,3
45,43,1,0
45,41,1,0
45,38,1,0
45,38,1,1
45,37,1,0
45,37,1,0
45,35,1,0
45,34,1,1
45,33,1,3
45,32,1,0
45,30,1,1
45,29,1,0
45,27,1,0
45,25,1,1
45,24,1,2
45,23,1,1
45,17,1,0
45,16,1,0
45,16,1,0
45,15,1,0
45,15,1,0
45,14,1,0
45,13,1,2
45,7,1,0
45,6,1,1
45,5,1,0
45,5,1,1
45,2,1,0
45,0,1,2
45,0,1,0
45,0,1,0
45,0,1,1
45,0,1,1
45,0,1,0
45,0,1,1
45,0,1,2
45,0,1,1
44,70,1,0
44,69,1,0
44,66,1,0
44,63,1,0
44,58,1,0
44,57,1,0
44,57,1,1
44,56,1,0
44,54,1,0
44,48,1,1
44,48,1,1
44,47,1,0
44,44,1,1
44,44,1,0
44,44,1,0
44,43,1,0
44,40,1,0
44,38,1,1
44,36,1,1
44,35,1,0
44,31,1,0
44,30,1,0
44,30,1,2
44,27,1,0
44,25,1,0
44,20,1,0
44,19,1,1
44,18,1,0
44,17,1,0
44,14,1,0
44,9,1,0
44,8,1,0
44,6,1,0
44,5,1,0
44,4,1,0
44,3,1,0
44,3,1,0
44,0,1,0
44,0,1,0
44,0,1,2
44,0,1,0
44,0,1,0
44,0,1,0
44,0,1,0
43,80,1,0
43,77,1,0
43,66,1,1
43,65,1,0
43,59,1,0
43,53,1,0
43,53,1,0
43,52,1,0
43,52,1,0
43,50,1,0
43,50,1,0
43,49,1,0
43,49,1,1
43,47,1,3
43,46,1,0
43,44,1,4
43,42,1,0
43,42,1,0
43,41,1,0
43,40,1,0
43,39,1,1
43,39,1,0
43,36,1,0
43,36,1,0
43,35,1,0
43,32,1,0
43,31,1,5
43,30,1,0
43,27,1,0
43,27,1,1
43,27,1,0
43,23,1,1
43,23,1,0
43,20,1,1
43,20,1,0
43,19,1,0
43,18,1,0
43,17,1,0
43,15,1,0
43,12,1,0
43,11,1,0
43,8,1,0
43,6,1,0
43,3,1,0
43,3,1,3
43,3,1,0
43,2,1,2
43,1,1,0
43,1,1,0
43,1,1,0
43,0,1,1
43,0,1,0
43,0,1,0
43,0,1,0
43,0,1,0
43,0,1,0
43,0,1,0
43,0,1,0
42,77,1,1
42,77,1,0
42,76,1,0
42,74,1,1
42,74,1,0
42,72,1,2
42,71,1,0
42,66,1,0
42,65,1,1
42,63,1,1
42,61,1,0
42,57,1,0
42,53,1,0
42,50,1,1
42,48,1,4
42,48,1,1
42,47,1,0
42,46,1,0
42,46,1,0
42,46,1,0
42,44,1,0
42,43,1,1
42,43,1,0
42,42,1,1
42,41,1,0
42,40,1,0
42,40,1,0
42,37,1,0
42,36,1,0
42,36,1,0
42,35,1,0
42,34,1,1
42,32,1,0
42,32,1,0
42,31,1,0
42,31,1,0
42,27,1,0
42,27,1,3
42,26,1,0
42,26,1,1
42,23,1,1
42,20,1,1
42,20,1,1
42,17,1,0
42,17,1,0
42,15,1,0
42,14,1,1
42,13,1,0
42,8,1,0
42,8,1,0
42,7,1,0
42,6,1,0
42,4,1,0
42,4,1,0
42,4,1,1
42,3,1,2
42,3,1,3
42,1,1,0
42,0,1,0
42,0,1,0
42,0,1,0
42,0,1,0
42,0,1,1
42,0,1,0
42,0,1,0
41,80,1,0
41,77,1,0
41,74,1,4
41,68,1,3
41,66,1,0
41,66,1,0
41,65,1,0
41,65,1,0
41,63,1,1
41,63,1,3
41,59,1,0
41,58,1,0
41,58,1,0
41,52,1,2
41,50,1,0
41,50,1,1
41,50,1,0
41,48,1,2
41,48,1,1
41,48,1,0
41,45,1,3
41,45,1,3
41,44,1,0
41,34,1,0
41,34,1,0
41,33,1,0
41,32,1,1
41,31,1,1
41,30,1,3
41,29,1,0
41,29,1,0
41,28,1,0
41,25,1,0
41,25,1,0
41,24,1,0
41,23,1,0
41,22,1,4
41,17,1,0
41,16,1,0
41,15,1,0
41,15,1,0
41,15,1,0
41,13,1,0
41,11,1,1
41,11,1,0
41,9,1,1
41,9,1,0
41,9,1,0
41,9,1,0
41,6,1,0
41,6,1,1
41,5,1,0
41,3,1,0
41,2,1,0
41,2,1,0
41,1,1,0
41,1,1,0
41,0,1,0
41,0,1,0
41,0,1,0
41,0,1,0
41,0,1,0
40,73,1,0
40,67,1,0
40,64,1,0
40,59,1,0
40,53,1,0
40,52,1,0
40,51,1,0
40,48,1,2
40,48,1,0
40,47,1,0
40,47,1,0
40,44,1,0
40,37,1,0
40,36,1,0
40,35,1,0
40,35,1,1
40,35,1,0
40,33,1,2
40,33,1,2
40,30,1,0
40,30,1,2
40,21,1,0
40,17,1,1
40,15,1,1
40,15,1,1
40,12,1,1
40,12,1,2
40,10,1,1
40,7,1,0
40,6,1,0
40,4,1,1
40,4,1,0
40,2,1,0
40,2,1,0
40,1,1,0
40,1,1,0
40,0,1,0
40,0,1,0
40,0,1,0
40,0,1,0
40,0,1,0
40,0,1,0
40,0,1,1
40,0,1,1
40,0,1,1
40,0,1,0
40,0,1,0
40,0,1,0
39,74,1,1
39,70,1,1
39,68,1,0
39,68,1,1
39,67,1,0
39,66,1,0
39,64,1,0
39,63,1,0
39,62,1,0
39,62,1,0
39,61,1,0
39,60,1,0
39,59,1,0
39,59,1,0
39,58,1,0
39,54,1,1
39,53,1,0
39,52,1,0
39,51,1,0
39,50,1,0
39,48,1,1
39,43,1,0
39,43,1,2
39,43,1,0
39,40,1,1
39,40,1,3
39,38,1,0
39,34,1,0
39,32,1,0
39,28,1,0
39,27,1,0
39,27,1,0
39,26,1,0
39,25,1,0
39,22,1,0
39,22,1,0
39,18,1,0
39,18,1,1
39,17,1,0
39,17,1,0
39,16,1,0
39,12,1,0
39,11,1,0
39,10,1,0
39,5,1,0
39,4,1,2
39,4,1,0
39,1,1,1
39,1,1,0
39,1,1,1
39,0,1,1
39,0,1,0
39,0,1,0
39,0,1,0
39,0,1,0
39,0,1,0
39,0,1,0
38,80,1,0
38,79,1,0
38,70,1,0
38,70,1,0
38,61,1,0
38,60,1,1
38,55,1,0
38,55,1,1
38,54,1,0
38,54,1,1
38,51,1,0
38,50,1,0
38,49,1,0
38,44,1,0
38,43,1,1
38,42,1,0
38,40,1,0
38,39,1,0
38,35,1,0
38,34,1,0
38,34,1,1
38,32,1,0
38,26,1,1
38,25,1,0
38,25,1,0
38,24,1,0
38,22,1,0
38,21,1,0
38,19,1,0
38,14,1,1
38,14,1,1
38,8,1,0
38,6,1,0
38,5,1,1
38,5,1,0
38,5,1,0
38,4,1,0
38,2,1,1
38,1,1,0
38,0,1,0
38,0,1,0
38,0,1,0
38,0,1,0
38,0,1,0
38,0,1,0
38,0,1,0
38,0,1,1
38,0,1,0
38,0,1,0
37,80,1,3
37,78,1,0
37,76,1,0
37,68,1,0
37,67,1,1
37,58,1,0
37,53,1,0
37,51,1,1
37,50,1,1
37,49,1,2
37,45,1,0
37,44,1,0
37,44,1,0
37,44,1,0
37,43,1,0
37,42,1,0
37,40,1,0
37,40,1,0
37,38,1,0
37,37,1,0
37,35,1,0
37,34,1,0
37,32,1,0
37,30,1,4
37,29,1,1
37,28,1,2
37,28,1,2
37,27,1,0
37,27,1,0
37,24,1,0
37,24,1,0
37,20,1,0
37,18,1,0
37,16,1,0
37,15,1,0
37,15,1,0
37,15,1,0
37,14,1,1
37,13,1,0
37,13,1,0
37,12,1,0
37,12,1,1
37,12,1,0
37,11,1,0
37,9,1,1
37,8,1,0
37,7,1,0
37,6,1,1
37,2,1,0
37,1,1,0
37,0,1,0
37,0,1,0
37,0,1,0
37,0,1,0
36,82,1,0
36,80,1,0
36,77,1,0
36,75,1,1
36,72,1,0
36,72,1,0
36,68,1,0
36,63,1,0
36,62,1,1
36,60,1,4
36,57,1,0
36,55,1,0
36,54,1,1
36,54,1,0
36,49,1,0
36,49,1,0
36,47,1,0
36,45,1,0
36,43,1,1
36,40,1,0
36,36,1,1
36,36,1,0
36,36,1,0
36,32,1,0
36,31,1,0
36,31,1,0
36,30,1,1
36,25,1,0
36,25,1,1
36,21,1,5
36,21,1,0
36,21,1,0
36,19,1,0
36,18,1,0
36,15,1,2
36,13,1,0
36,10,1,0
36,7,1,0
36,6,1,0
36,6,1,0
36,5,1,1
36,4,1,0
36,0,1,0
36,0,1,0
36,0,1,0
36,0,1,0
36,0,1,0
35,79,1,0
35,79,1,0
35,78,1,0
35,77,1,0
35,76,1,0
35,76,1,0
35,73,1,0
35,73,1,0
35,67,1,1
35,64,1,0
35,60,1,2
35,60,1,0
35,59,1,0
35,52,1,0
35,51,1,0
35,50,1,3
35,49,1,0
35,49,1,0
35,42,1,0
35,41,1,1
35,41,1,0
35,41,1,1
35,40,1,0
35,36,1,0
35,36,1,0
35,36,1,1
35,35,1,3
35,35,1,1
35,32,1,0
35,31,1,0
35,30,1,1
35,30,1,0
35,29,1,0
35,27,1,1
35,25,1,0
35,25,1,0
35,25,1,0
35,23,1,0
35,22,1,0
35,22,1,0
35,21,1,1
35,21,1,0
35,19,1,0
35,19,1,2
35,17,1,2
35,16,1,4
35,15,1,2
35,10,1,0
35,7,1,0
35,6,1,0
35,5,1,0
35,4,1,0
35,4,1,1
35,4,1,1
35,3,1,0
35,2,1,14
35,2,1,0
35,2,1,0
35,2,1,0
35,1,1,0
35,0,1,0
35,0,1,0
35,0,1,0
35,0,1,0
35,0,1,0
34,76,1,0
34,73,1,2
34,67,1,0
34,66,1,0
34,65,1,0
34,63,1,0
34,62,1,0
34,62,1,0
34,57,1,0
34,50,1,0
34,49,1,0
34,48,1,0
34,47,1,0
34,45,1,0
34,44,1,0
34,43,1,2
34,38,1,0
34,37,1,0
34,36,1,0
34,36,1,0
34,35,1,0
34,33,1,0
34,33,1,0
34,32,1,0
34,31,1,0
34,31,1,0
34,29,1,0
34,28,1,0
34,26,1,4
34,26,1,1
34,26,1,0
34,25,1,0
34,25,1,1
34,23,1,0
34,23,1,0
34,21,1,0
34,21,1,0
34,20,1,1
34,18,1,3
34,18,1,1
34,17,1,0
34,16,1,0
34,16,1,0
34,15,1,0
34,13,1,0
34,12,1,0
34,12,1,0
34,11,1,0
34,10,1,0
34,9,1,1
34,8,1,1
34,8,1,0
34,8,1,1
34,7,1,0
34,7,1,2
34,2,1,0
34,1,1,1
34,0,1,0
34,0,1,0
34,0,1,2
34,0,1,2
34,0,1,0
34,0,1,0
34,0,1,0
34,0,1,0
33,78,1,0
33,76,1,0
33,76,1,1
33,75,1,0
33,69,1,0
33,68,1,0
33,67,1,0
33,61,1,0
33,61,1,0
33,58,1,0
33,58,1,0
33,57,1,0
33,55,1,0
33,52,1,0
33,50,1,1
33,49,1,0
33,47,1,0
33,45,1,2
33,44,1,0
33,41,1,0
33,40,1,1
33,40,1,0
33,40,1,0
33,40,1,0
33,39,1,0
33,36,1,0
33,36,1,0
33,35,1,0
33,34,1,1
33,34,1,0
33,34,1,0
33,34,1,0
33,33,1,0
33,33,1,0
33,32,1,1
33,32,1,0
33,30,1,0
33,30,1,0
33,26,1,0
33,21,1,0
33,21,1,0
33,20,1,0
33,20,1,0
33,19,1,0
33,18,1,0
33,18,1,1
33,18,1,0
33,17,1,0
33,13,1,0
33,12,1,0
33,10,1,0
33,10,1,0
33,9,1,1
33,8,1,0
33,7,1,0
33,6,1,0
33,5,1,0
33,5,1,0
33,4,1,1
33,3,1,0
33,3,1,0
33,2,1,0
33,2,1,0
33,0,1,0
33,0,1,5
33,0,1,4
33,0,1,0
33,0,1,1
33,0,1,0
33,0,1,0
32,80,1,0
32,80,1,0
32,72,1,1
32,71,1,0
32,70,1,0
32,70,1,0
32,69,1,0
32,67,1,1
32,66,1,0
32,64,1,0
32,60,1,0
32,58,1,0
32,58,1,0
32,55,1,0
32,53,1,0
32,53,1,0
32,52,1,0
32,50,1,0
32,47,1,0
32,47,1,2
32,47,1,0
32,46,1,0
32,45,1,1
32,44,1,1
32,43,1,0
32,42,1,0
32,42,1,0
32,41,1,0
32,41,1,0
32,40,1,1
32,40,1,0
32,40,1,0
32,39,1,0
32,37,1,1
32,36,1,0
32,36,1,1
32,34,1,0
32,33,1,0
32,31,1,2
32,27,1,0
32,27,1,0
32,26,1,0
32,22,1,1
32,22,1,0
32,20,1,0
32,20,1,1
32,17,1,1
32,16,1,3
32,15,1,1
32,15,1,0
32,14,1,0
32,12,1,0
32,11,1,0
32,11,1,0
32,10,1,0
32,9,1,0
32,4,1,1
32,3,1,3
32,0,1,0
32,0,1,1
32,0,1,0
32,0,1,0
32,0,1,0
32,0,1,0
32,0,1,0
31,79,1,0
31,77,1,0
31,75,1,2
31,74,1,1
31,74,1,6
31,68,1,0
31,66,1,2
31,60,1,0
31,56,1,0
31,55,1,1
31,55,1,1
31,54,1,8
31,54,1,0
31,50,1,2
31,49,1,0
31,46,1,1
31,46,1,0
31,44,1,0
31,42,1,0
31,37,1,2
31,35,1,0
31,33,1,0
31,33,1,0
31,32,1,0
31,31,1,0
31,30,1,0
31,29,1,0
31,28,1,0
31,24,1,0
31,24,1,1
31,22,1,1
31,22,1,0
31,20,1,0
31,18,1,0
31,18,1,1
31,17,1,0
31,16,1,0
31,16,1,0
31,15,1,1
31,15,1,0
31,14,1,1
31,11,1,0
31,9,1,0
31,7,1,4
31,5,1,2
31,3,1,3
31,3,1,0
31,3,1,1
31,0,1,0
31,0,1,1
31,0,1,0
31,0,1,1
31,0,1,0
30,79,1,0
30,76,1,0
30,73,1,0
30,70,1,0
30,69,1,0
30,62,1,1
30,61,1,5
30,58,1,0
30,52,1,0
30,47,1,0
30,47,1,0
30,46,1,2
30,45,1,0
30,43,1,0
30,42,1,0
30,41,1,4
30,40,1,1
30,39,1,0
30,36,1,1
30,35,1,1
30,34,1,0
30,33,1,0
30,33,1,0
30,31,1,0
30,29,1,0
30,27,1,0
30,26,1,0
30,25,1,0
30,24,1,0
30,21,1,4
30,20,1,0
30,19,1,0
30,17,1,0
30,15,1,0
30,14,1,0
30,13,1,0
30,9,1,0
30,8,1,0
30,7,1,3
30,7,1,1
30,7,1,2
30,4,1,0
30,4,1,0
30,4,1,1
30,3,1,0
30,1,1,0
30,0,1,4
30,0,1,0
30,0,1,0
30,0,1,1
30,0,1,0
29,117,1,0
29,76,1,0
29,74,1,0
29,66,1,0
29,66,1,0
29,61,1,0
29,57,1,0
29,57,1,1
29,48,1,0
29,46,1,0
29,46,1,0
29,44,1,2
29,37,1,0
29,37,1,0
29,37,1,1
29,36,1,0
29,35,1,0
29,34,1,0
29,33,1,0
29,32,1,0
29,31,1,1
29,28,1,0
29,27,1,1
29,25,1,1
29,20,1,0
29,20,1,0
29,20,1,0
29,20,1,0
29,19,1,0
29,18,1,0
29,17,1,1
29,16,1,0
29,14,1,1
29,12,1,0
29,12,1,0
29,12,1,0
29,6,1,0
29,4,1,0
29,3,1,0
29,2,1,1
29,0,1,0
29,0,1,0
29,0,1,0
29,0,1,1
29,0,1,1
29,0,1,0
28,87,1,0
28,86,1,0
28,79,1,0
28,73,1,0
28,65,1,1
28,63,1,0
28,61,1,3
28,61,1,3
28,57,1,0
28,57,1,2
28,54,1,0
28,54,1,0
28,52,1,1
28,52,1,1
28,50,1,1
28,48,1,0
28,47,1,1
28,47,1,0
28,46,1,1
28,46,1,1
28,46,1,0
28,45,1,0
28,45,1,0
28,43,1,0
28,43,1,0
28,43,1,0
28,42,1,0
28,41,1,0
28,40,1,0
28,39,1,1
28,37,1,0
28,34,1,0
28,31,1,0
28,29,1,1
28,27,1,0
28,27,1,0
28,24,1,0
28,23,1,0
28,23,1,0
28,23,1,2
28,23,1,1
28,22,1,0
28,21,1,0
28,18,1,1
28,12,1,0
28,12,1,0
28,12,1,1
28,9,1,1
28,6,1,0
28,5,1,0
28,4,1,2
28,4,1,0
28,3,1,0
28,2,1,0
28,1,1,0
28,0,1,0
28,0,1,0
28,0,1,0
28,0,1,0
28,0,1,0
28,0,1,1
27,76,1,1
27,74,1,0
27,69,1,0
27,66,1,0
27,60,1,0
27,60,1,2
27,59,1,0
27,57,1,0
27,56,1,0
27,55,1,0
27,55,1,1
27,55,1,0
27,55,1,1
27,53,1,7
27,52,1,0
27,51,1,0
27,50,1,0
27,43,1,0
27,43,1,0
27,40,1,0
27,39,1,0
27,37,1,0
27,37,1,1
27,36,1,1
27,33,1,0
27,31,1,0
27,31,1,0
27,29,1,0
27,28,1,0
27,28,1,1
27,21,1,0
27,19,1,0
27,19,1,0
27,19,1,1
27,19,1,0
27,18,1,0
27,17,1,0
27,11,1,0
27,11,1,0
27,9,1,0
27,4,1,0
27,4,1,0
27,3,1,0
27,3,1,0
27,2,1,0
27,2,1,1
27,0,1,0
27,0,1,0
27,0,1,1
27,0,1,0
27,0,1,1
27,0,1,0
27,0,1,0
27,0,1,0
26,71,1,0
26,68,1,1
26,65,1,0
26,62,1,1
26,62,1,0
26,62,1,2
26,58,1,0
26,58,1,0
26,54,1,3
26,51,1,0
26,47,1,0
26,42,1,1
26,42,1,0
26,42,1,0
26,41,1,0
26,40,1,0
26,34,1,0
26,33,1,1
26,32,1,0
26,32,1,0
26,32,1,0
26,31,1,3
26,29,1,0
26,29,1,0
26,26,1,0
26,23,1,0
26,17,1,1
26,15,1,0
26,15,1,0
26,14,1,0
26,14,1,1
26,13,1,0
26,12,1,1
26,12,1,0
26,10,1,0
26,10,1,1
26,9,1,0
26,6,1,0
26,5,1,0
26,5,1,0
26,4,1,0
26,3,1,0
26,3,1,1
26,2,1,0
26,1,1,0
26,0,1,0
26,0,1,1
26,0,1,1
26,0,1,0
26,0,1,0
26,0,1,0
25,78,1,0
25,77,1,2
25,76,1,0
25,72,1,0
25,70,1,0
25,70,1,0
25,69,1,0
25,68,1,1
25,66,1,0
25,66,1,7
25,65,1,2
25,64,1,1
25,45,1,1
25,45,1,0
25,42,1,0
25,41,1,2
25,41,1,0
25,40,1,1
25,39,1,1
25,39,1,0
25,39,1,0
25,38,1,0
25,38,1,0
25,37,1,0
25,37,1,2
25,35,1,3
25,30,1,0
25,29,1,0
25,24,1,0
25,24,1,1
25,23,1,0
25,22,1,0
25,19,1,0
25,19,1,0
25,15,1,0
25,14,1,0
25,11,1,1
25,10,1,0
25,9,1,3
25,9,1,0
25,6,1,0
25,5,1,0
25,4,1,0
25,3,1,0
25,3,1,1
25,3,1,0
25,0,1,0
25,0,1,0
25,0,1,0
25,0,1,0
25,0,1,0
25,0,1,0
25,0,1,0
24,69,1,0
24,69,1,0
24,61,1,0
24,60,1,0
24,59,1,0
24,59,1,0
24,58,1,0
24,57,1,3
24,54,1,0
24,47,1,0
24,45,1,4
24,44,1,1
24,42,1,3
24,37,1,3
24,37,1,0
24,33,1,0
24,32,1,3
24,31,1,1
24,31,1,0
24,31,1,1
24,28,1,0
24,27,1,0
24,26,1,0
24,22,1,2
24,22,1,0
24,22,1,0
24,21,1,0
24,21,1,0
24,19,1,1
24,18,1,1
24,16,1,1
24,16,1,1
24,13,1,0
24,13,1,0
24,12,1,0
24,11,1,1
24,11,1,0
24,7,1,0
24,7,1,0
24,3,1,0
24,2,1,0
24,0,1,1
24,0,1,0
24,0,1,1
24,0,1,0
24,0,1,0
24,0,1,0
24,0,1,2
23,83,1,2
23,79,1,2
23,76,1,0
23,75,1,0
23,72,1,0
23,65,1,2
23,56,1,2
23,54,1,0
23,50,1,0
23,49,1,0
23,49,1,0
23,47,1,3
23,47,1,0
23,47,1,0
23,46,1,0
23,43,1,0
23,42,1,4
23,42,1,2
23,42,1,0
23,42,1,1
23,42,1,0
23,41,1,0
23,41,1,0
23,38,1,0
23,38,1,0
23,36,1,0
23,36,1,0
23,35,1,0
23,35,1,0
23,35,1,0
23,29,1,0
23,28,1,0
23,28,1,0
23,27,1,0
23,26,1,0
23,25,1,0
23,23,1,0
23,23,1,1
23,22,1,0
23,22,1,1
23,22,1,1
23,21,1,0
23,18,1,0
23,18,1,0
23,18,1,0
23,18,1,0
23,14,1,0
23,14,1,1
23,14,1,0
23,13,1,0
23,12,1,0
23,12,1,0
23,10,1,0
23,9,1,0
23,7,1,0
23,7,1,1
23,6,1,0
23,6,1,0
23,5,1,0
23,5,1,0
23,5,1,0
23,5,1,0
23,4,1,0
23,4,1,0
23,4,1,0
23,3,1,0
23,3,1,0
23,2,1,0
23,1,1,1
23,1,1,0
23,0,1,0
23,0,1,0
23,0,1,0
23,0,1,0
23,0,1,0
23,0,1,1
23,0,1,0
23,0,1,1
22,72,1,0
22,69,1,1
22,68,1,1
22,68,1,0
22,64,1,1
22,59,1,0
22,59,1,0
22,58,1,0
22,57,1,0
22,55,1,0
22,55,1,0
22,53,1,1
22,53,1,0
22,51,1,0
22,48,1,0
22,48,1,0
22,46,1,0
22,45,1,2
22,45,1,0
22,44,1,1
22,42,1,0
22,39,1,2
22,38,1,1
22,35,1,0
22,32,1,2
22,32,1,0
22,32,1,3
22,31,1,0
22,29,1,1
22,29,1,1
22,28,1,0
22,26,1,0
22,25,1,0
22,25,1,0
22,23,1,0
22,23,1,0
22,23,1,1
22,22,1,0
22,22,1,0
22,22,1,0
22,21,1,0
22,20,1,0
22,20,1,0
22,20,1,0
22,19,1,1
22,19,1,0
22,19,1,1
22,18,1,0
22,17,1,0
22,16,1,0
22,15,1,0
22,15,1,0
22,14,1,0
22,13,1,0
22,12,1,0
22,12,1,2
22,12,1,1
22,11,1,1
22,11,1,0
22,9,1,0
22,8,1,0
22,7,1,0
22,6,1,0
22,6,1,3
22,5,1,0
22,4,1,0
22,0,1,0
22,0,1,0
22,0,1,1
22,0,1,0
22,0,1,2
22,0,1,0
22,0,1,1
21,80,1,0
21,79,1,0
21,77,1,1
21,75,1,0
21,74,1,0
21,72,1,0
21,67,1,0
21,66,1,1
21,63,1,0
21,63,1,0
21,63,1,0
21,59,1,1
21,58,1,0
21,57,1,0
21,53,1,0
21,51,1,0
21,47,1,0
21,46,1,0
21,45,1,0
21,42,1,1
21,42,1,0
21,42,1,0
21,42,1,1
21,39,1,0
21,39,1,1
21,37,1,0
21,37,1,0
21,35,1,0
21,32,1,0
21,29,1,0
21,28,1,0
21,28,1,0
21,25,1,1
21,24,1,0
21,24,1,0
21,22,1,0
21,21,1,0
21,21,1,0
21,19,1,0
21,18,1,0
21,17,1,3
21,17,1,1
21,16,1,0
21,15,1,0
21,13,1,0
21,13,1,1
21,13,1,0
21,13,1,0
21,11,1,0
21,10,1,0
21,10,1,0
21,10,1,0
21,10,1,0
21,9,1,0
21,6,1,0
21,3,1,0
21,2,1,0
21,2,1,0
21,0,1,0
21,0,1,2
21,0,1,0
21,0,1,0
21,0,1,3
21,0,1,0
21,0,1,0
21,0,1,7
21,0,1,0
21,0,1,1
20,78,1,0
20,77,1,0
20,76,1,0
20,74,1,0
20,72,1,0
20,65,1,1
20,56,1,0
20,55,1,1
20,54,1,1
20,53,1,0
20,49,1,0
20,49,1,0
20,49,1,0
20,48,1,0
20,46,1,0
20,45,1,0
20,43,1,1
20,42,1,0
20,42,1,1
20,40,1,0
20,39,1,0
20,37,1,0
20,37,1,0
20,35,1,0
20,33,1,0
20,31,1,1
20,30,1,0
20,29,1,0
20,29,1,0
20,28,1,0
20,27,1,1
20,25,1,1
20,24,1,0
20,22,1,1
20,21,1,2
20,16,1,0
20,16,1,0
20,13,1,0
20,11,1,0
20,10,1,0
20,10,1,0
20,9,1,4
20,5,1,0
20,5,1,0
20,4,1,0
20,0,1,1
20,0,1,0
20,0,1,0
20,0,1,0
20,0,1,1
20,0,1,0
20,0,1,3
19,78,1,1
19,68,1,1
19,64,1,0
19,64,1,0
19,63,1,0
19,62,1,0
19,61,1,0
19,59,1,0
19,57,1,0
19,57,1,0
19,54,1,0
19,52,1,0
19,49,1,0
19,48,1,0
19,46,1,0
19,45,1,0
19,45,1,0
19,39,1,0
19,37,1,1
19,36,1,0
19,36,1,1
19,33,1,0
19,31,1,0
19,29,1,0
19,27,1,0
19,27,1,1
19,25,1,0
19,25,1,0
19,24,1,2
19,23,1,2
19,22,1,0
19,22,1,0
19,22,1,0
19,12,1,0
19,10,1,0
19,9,1,0
19,9,1,0
19,9,1,1
19,7,1,0
19,6,1,2
19,2,1,1
19,1,1,2
19,0,1,0
19,0,1,0
19,0,1,1
19,0,1,0
18,80,1,2
18,72,1,0
18,70,1,1
18,67,1,0
18,59,1,0
18,54,1,0
18,48,1,2
18,47,1,0
18,47,1,2
18,46,1,2
18,45,1,0
18,42,1,1
18,41,1,0
18,40,1,0
18,40,1,0
18,37,1,0
18,37,1,0
18,34,1,0
18,34,1,0
18,34,1,0
18,32,1,0
18,31,1,1
18,31,1,3
18,31,1,1
18,28,1,0
18,28,1,1
18,27,1,0
18,24,1,0
18,21,1,0
18,20,1,1
18,17,1,0
18,16,1,0
18,12,1,1
18,10,1,0
18,10,1,0
18,6,1,0
18,3,1,0
18,3,1,0
18,2,1,0
18,1,1,0
18,1,1,0
18,0,1,0
18,0,1,0
18,0,1,0
18,0,1,0
18,0,1,0
17,79,1,0
17,78,1,0
17,65,1,0
17,65,1,0
17,63,1,0
17,61,1,0
17,59,1,0
17,54,1,4
17,50,1,0
17,50,1,0
17,50,1,0
17,50,1,0
17,49,1,0
17,45,1,2
17,44,1,0
17,44,1,3
17,42,1,0
17,39,1,1
17,35,1,0
17,33,1,2
17,32,1,0
17,31,1,0
17,31,1,2
17,30,1,0
17,27,1,0
17,26,1,0
17,23,1,1
17,22,1,0
17,21,1,0
17,18,1,0
17,17,1,1
17,16,1,0
17,16,1,0
17,16,1,0
17,16,1,0
17,14,1,0
17,14,1,1
17,11,1,0
17,10,1,0
17,9,1,0
17,8,1,0
17,7,1,0
17,4,1,2
17,3,1,1
17,1,1,0
17,1,1,0
17,0,1,0
17,0,1,2
17,0,1,0
17,0,1,0
16,109,1,0
16,76,1,0
16,72,1,1
16,67,1,1
16,66,1,1
16,62,1,0
16,61,1,0
16,57,1,0
16,56,1,2
16,56,1,0
16,53,1,0
16,48,1,1
16,48,1,0
16,45,1,0
16,43,1,0
16,42,1,0
16,42,1,0
16,41,1,2
16,39,1,0
16,35,1,0
16,34,1,1
16,33,1,0
16,32,1,0
16,31,1,0
16,27,1,0
16,25,1,1
16,20,1,0
16,19,1,0
16,18,1,3
16,18,1,2
16,17,1,1
16,17,1,0
16,9,1,1
16,8,1,0
16,4,1,1
16,1,1,0
16,1,1,0
16,0,1,1
16,0,1,2
16,0,1,0
16,0,1,1
16,0,1,0
16,0,1,1
16,0,1,0
16,0,1,0
15,116,1,0
15,76,1,1
15,73,1,1
15,70,1,0
15,69,1,0
15,69,1,0
15,67,1,0
15,61,1,0
15,54,1,2
15,54,1,0
15,52,1,1
15,49,1,2
15,48,1,0
15,48,1,0
15,47,1,1
15,42,1,3
15,41,1,0
15,39,1,1
15,37,1,0
15,37,1,0
15,36,1,2
15,34,1,0
15,34,1,0
15,32,1,0
15,31,1,0
15,31,1,0
15,30,1,0
15,27,1,0
15,27,1,0
15,26,1,0
15,24,1,0
15,23,1,0
15,23,1,0
15,22,1,0
15,15,1,0
15,14,1,0
15,14,1,0
15,12,1,1
15,11,1,0
15,10,1,0
15,8,1,0
15,7,1,1
15,6,1,4
15,6,1,0
15,5,1,4
15,2,1,0
15,2,1,0
15,2,1,1
15,1,1,0
15,0,1,1
15,0,1,0
15,0,1,0
15,0,1,0
15,0,1,0
14,73,1,1
14,71,1,0
14,70,1,0
14,69,1,0
14,66,1,0
14,65,1,0
14,64,1,0
14,62,1,4
14,61,1,0
14,60,1,1
14,59,1,0
14,57,1,0
14,55,1,0
14,55,1,0
14,53,1,0
14,53,1,0
14,52,1,3
14,52,1,6
14,51,1,0
14,51,1,0
14,50,1,1
14,49,1,0
14,45,1,0
14,42,1,0
14,40,1,0
14,39,1,0
14,37,1,3
14,35,1,0
14,33,1,0
14,33,1,0
14,26,1,2
14,26,1,0
14,26,1,0
14,25,1,0
14,21,1,0
14,21,1,0
14,21,1,2
14,20,1,0
14,17,1,0
14,16,1,0
14,15,1,0
14,14,1,0
14,13,1,1
14,10,1,0
14,10,1,0
14,8,1,1
14,8,1,0
14,7,1,0
14,6,1,0
14,6,1,0
14,4,1,0
14,3,1,0
14,1,1,0
14,0,1,3
14,0,1,1
14,0,1,2
14,0,1,1
14,0,1,1
14,0,1,0
14,0,1,0
14,0,1,0
13,78,1,0
13,77,1,0
13,74,1,0
13,70,1,0
13,69,1,0
13,61,1,0
13,59,1,0
13,58,1,0
13,58,1,0
13,57,1,0
13,57,1,0
13,56,1,2
13,52,1,0
13,50,1,1
13,49,1,0
13,48,1,0
13,47,1,1
13,47,1,1
13,46,1,1
13,42,1,1
13,34,1,0
13,32,1,1
13,32,1,4
13,30,1,1
13,28,1,0
13,27,1,4
13,26,1,0
13,24,1,2
13,23,1,0
13,23,1,2
13,21,1,1
13,21,1,2
13,21,1,0
13,21,1,0
13,19,1,3
13,18,1,0
13,14,1,1
13,13,1,0
13,13,1,0
13,13,1,0
13,10,1,0
13,7,1,1
13,7,1,0
13,5,1,0
13,1,1,0
13,1,1,0
13,1,1,0
13,0,1,0
13,0,1,2
13,0,1,1
13,0,1,0
13,0,1,1
12,110,1,0
12,78,1,0
12,75,1,1
12,71,1,0
12,68,1,0
12,63,1,0
12,62,1,3
12,60,1,0
12,60,1,0
12,54,1,0
12,53,1,0
12,50,1,0
12,50,1,1
12,45,1,0
12,45,1,0
12,43,1,0
12,41,1,3
12,40,1,0
12,40,1,0
12,40,1,0
12,40,1,0
12,39,1,0
12,39,1,1
12,38,1,0
12,37,1,1
12,37,1,1
12,36,1,0
12,33,1,1
12,32,1,0
12,31,1,0
12,31,1,1
12,30,1,0
12,29,1,0
12,28,1,0
12,26,1,1
12,26,1,0
12,24,1,0
12,24,1,0
12,24,1,1
12,24,1,0
12,23,1,0
12,21,1,1
12,19,1,0
12,18,1,0
12,14,1,0
12,13,1,0
12,13,1,0
12,12,1,0
12,11,1,0
12,11,1,0
12,10,1,0
12,9,1,1
12,8,1,0
12,8,1,2
12,8,1,1
12,7,1,0
12,7,1,5
12,5,1,0
12,3,1,0
12,3,1,0
12,3,1,0
12,2,1,0
12,2,1,0
12,1,1,3
12,0,1,1
12,0,1,0
12,0,1,1
12,0,1,0
12,0,1,0
12,0,1,0
11,80,1,0
11,78,1,0
11,78,1,0
11,74,1,0
11,72,1,0
11,71,1,0
11,70,1,0
11,66,1,0
11,66,1,1
11,60,1,0
11,57,1,0
11,56,1,0
11,55,1,0
11,49,1,2
11,49,1,0
11,46,1,4
11,43,1,0
11,43,1,0
11,42,1,0
11,41,1,0
11,41,1,0
11,37,1,0
11,37,1,0
11,30,1,1
11,30,1,0
11,28,1,1
11,28,1,0
11,27,1,0
11,26,1,0
11,26,1,1
11,26,1,0
11,25,1,0
11,24,1,1
11,24,1,0
11,19,1,0
11,15,1,0
11,12,1,1
11,12,1,0
11,10,1,0
11,8,1,0
11,7,1,0
11,6,1,0
11,5,1,0
11,4,1,0
11,4,1,2
11,3,1,0
11,3,1,0
11,3,1,2
11,3,1,3
11,1,1,2
11,0,1,0
11,0,1,0
11,0,1,0
11,0,1,3
11,0,1,0
11,0,1,1
11,0,1,0
10,79,1,0
10,74,1,0
10,69,1,0
10,69,1,0
10,67,1,0
10,66,1,0
10,65,1,1
10,61,1,2
10,60,1,0
10,58,1,2
10,55,1,0
10,55,1,0
10,53,1,2
10,50,1,0
10,49,1,0
10,49,1,0
10,47,1,1
10,46,1,4
10,44,1,0
10,42,1,0
10,40,1,0
10,39,1,0
10,37,1,2
10,37,1,0
10,35,1,0
10,33,1,0
10,30,1,0
10,24,1,0
10,23,1,1
10,22,1,0
10,21,1,0
10,21,1,1
10,19,1,0
10,15,1,0
10,14,1,0
10,14,1,0
10,13,1,0
10,11,1,0
10,11,1,0
10,11,1,0
10,7,1,0
10,7,1,0
10,6,1,0
10,1,1,0
10,1,1,0
10,0,1,0
10,0,1,0
10,0,1,0
10,0,1,0
10,0,1,0
10,0,1,0
10,0,1,0
9,78,1,1
9,76,1,0
9,73,1,0
9,73,1,0
9,69,1,1
9,67,1,0
9,55,1,0
9,53,1,0
9,53,1,0
9,52,1,1
9,52,1,0
9,52,1,0
9,50,1,0
9,48,1,1
9,45,1,1
9,45,1,0
9,44,1,0
9,42,1,1
9,41,1,0
9,38,1,0
9,35,1,1
9,33,1,0
9,33,1,0
9,32,1,0
9,32,1,1
9,32,1,0
9,30,1,0
9,29,1,0
9,28,1,1
9,26,1,0
9,21,1,0
9,21,1,0
9,21,1,0
9,20,1,0
9,20,1,0
9,19,1,0
9,15,1,0
9,10,1,0
9,8,1,0
9,8,1,0
9,8,1,0
9,7,1,2
9,7,1,0
9,6,1,0
9,4,1,0
9,2,1,0
9,0,1,0
9,0,1,1
9,0,1,0
9,0,1,2
9,0,1,1
9,0,1,1
9,0,1,0
8,77,1,0
8,75,1,0
8,74,1,0
8,73,1,0
8,71,1,0
8,69,1,1
8,63,1,0
8,58,1,1
8,52,1,0
8,52,1,0
8,51,1,0
8,47,1,1
8,47,1,0
8,44,1,0
8,44,1,0
8,43,1,0
8,42,1,0
8,42,1,0
8,42,1,0
8,41,1,1
8,41,1,0
8,41,1,0
8,41,1,0
8,38,1,0
8,36,1,0
8,35,1,0
8,34,1,0
8,34,1,1
8,34,1,0
8,30,1,2
8,24,1,0
8,23,1,0
8,22,1,0
8,22,1,0
8,18,1,1
8,17,1,0
8,16,1,0
8,16,1,1
8,14,1,0
8,13,1,0
8,13,1,1
8,12,1,0
8,11,1,0
8,9,1,0
8,9,1,0
8,7,1,0
8,3,1,3
8,3,1,1
8,0,1,0
8,0,1,3
8,0,1,0
8,0,1,1
8,0,1,0
8,0,1,0
7,120,1,0
7,74,1,0
7,72,1,0
7,68,1,0
7,66,1,4
7,54,1,0
7,53,1,0
7,51,1,0
7,50,1,0
7,46,1,0
7,45,1,1
7,41,1,0
7,39,1,0
7,37,1,0
7,37,1,0
7,35,1,0
7,35,1,3
7,35,1,0
7,33,1,0
7,30,1,0
7,30,1,0
7,30,1,1
7,29,1,0
7,28,1,0
7,28,1,1
7,27,1,1
7,24,1,0
7,23,1,0
7,22,1,0
7,16,1,0
7,14,1,0
7,14,1,3
7,14,1,0
7,14,1,0
7,13,1,1
7,13,1,0
7,12,1,0
7,9,1,0
7,9,1,0
7,9,1,0
7,3,1,2
7,2,1,0
7,0,1,1
7,0,1,0
7,0,1,1
6,117,1,0
6,79,1,0
6,79,1,0
6,76,1,1
6,68,1,4
6,67,1,0
6,66,1,0
6,65,1,0
6,57,1,0
6,56,1,1
6,55,1,0
6,53,1,0
6,51,1,0
6,50,1,0
6,49,1,0
6,49,1,0
6,48,1,2
6,46,1,2
6,45,1,0
6,45,1,0
6,44,1,0
6,43,1,0
6,41,1,1
6,41,1,0
6,40,1,0
6,40,1,1
6,40,1,1
6,39,1,0
6,38,1,1
6,38,1,2
6,37,1,1
6,36,1,0
6,36,1,0
6,34,1,0
6,33,1,0
6,33,1,0
6,30,1,0
6,29,1,0
6,29,1,2
6,23,1,0
6,23,1,2
6,22,1,0
6,21,1,0
6,19,1,0
6,16,1,2
6,15,1,0
6,14,1,2
6,11,1,1
6,11,1,0
6,11,1,0
6,10,1,0
6,6,1,0
6,5,1,0
6,3,1,2
6,3,1,0
6,0,1,1
6,0,1,1
6,0,1,1
6,0,1,3
6,0,1,0
6,0,1,0
6,0,1,1
5,74,1,0
5,72,1,1
5,71,1,0
5,70,1,0
5,67,1,1
5,66,1,0
5,61,1,6
5,60,1,0
5,59,1,0
5,58,1,0
5,58,1,1
5,58,1,0
5,57,1,0
5,56,1,0
5,53,1,0
5,51,1,0
5,50,1,0
5,49,1,0
5,47,1,0
5,46,1,0
5,44,1,0
5,44,1,0
5,42,1,1
5,41,1,0
5,38,1,0
5,36,1,0
5,36,1,0
5,36,1,1
5,35,1,0
5,33,1,1
5,30,1,0
5,28,1,0
5,27,1,0
5,26,1,0
5,24,1,0
5,23,1,0
5,23,1,0
5,21,1,0
5,20,1,4
5,20,1,0
5,19,1,0
5,19,1,1
5,19,1,0
5,18,1,0
5,15,1,0
5,12,1,0
5,11,1,0
5,8,1,0
5,8,1,1
5,7,1,0
5,6,1,0
5,5,1,0
5,5,1,0
5,3,1,1
5,2,1,0
5,2,1,1
5,1,1,1
5,1,1,2
5,0,1,0
5,0,1,0
5,0,1,0
5,0,1,0
5,0,1,0
5,0,1,0
5,0,1,0
4,75,1,0
4,71,1,1
4,68,1,0
4,67,1,0
4,62,1,0
4,62,1,0
4,60,1,0
4,57,1,4
4,56,1,1
4,55,1,0
4,55,1,1
4,53,1,0
4,52,1,0
4,50,1,0
4,49,1,0
4,49,1,1
4,47,1,0
4,44,1,2
4,42,1,1
4,42,1,0
4,42,1,1
4,41,1,0
4,41,1,3
4,41,1,0
4,40,1,1
4,39,1,1
4,38,1,0
4,37,1,0
4,35,1,0
4,35,1,0
4,33,1,1
4,33,1,0
4,32,1,0
4,31,1,0
4,30,1,0
4,28,1,0
4,28,1,1
4,25,1,1
4,25,1,3
4,23,1,7
4,21,1,0
4,20,1,0
4,19,1,0
4,19,1,1
4,17,1,0
4,16,1,1
4,15,1,0
4,15,1,3
4,14,1,0
4,13,1,0
4,11,1,0
4,10,1,0
4,10,1,0
4,9,1,0
4,8,1,0
4,7,1,0
4,4,1,0
4,3,1,1
4,2,1,0
4,2,1,0
4,2,1,1
4,0,1,2
4,0,1,0
4,0,1,0
4,0,1,0
4,0,1,0
4,0,1,1
4,0,1,1
3,77,1,0
3,76,1,1
3,66,1,0
3,61,1,0
3,60,1,0
3,60,1,0
3,59,1,0
3,58,1,0
3,56,1,0
3,49,1,0
3,49,1,0
3,46,1,1
3,46,1,0
3,46,1,0
3,44,1,0
3,43,1,0
3,43,1,2
3,43,1,0
3,42,1,1
3,42,1,0
3,42,1,0
3,42,1,0
3,42,1,0
3,41,1,0
3,39,1,0
3,39,1,0
3,38,1,0
3,36,1,1
3,35,1,0
3,34,1,0
3,33,1,0
3,33,1,0
3,31,1,1
3,30,1,0
3,30,1,0
3,28,1,1
3,28,1,0
3,27,1,0
3,27,1,0
3,26,1,0
3,25,1,0
3,25,1,0
3,25,1,0
3,24,1,0
3,24,1,0
3,23,1,0
3,22,1,0
3,22,1,0
3,22,1,0
3,22,1,0
3,21,1,3
3,21,1,0
3,21,1,3
3,21,1,0
3,20,1,0
3,20,1,0
3,20,1,0
3,18,1,2
3,18,1,0
3,18,1,0
3,17,1,0
3,16,1,0
3,15,1,0
3,14,1,0
3,14,1,2
3,12,1,0
3,12,1,1
3,11,1,0
3,11,1,0
3,11,1,0
3,7,1,0
3,6,1,0
3,5,1,1
3,5,1,0
3,5,1,0
3,3,1,2
3,2,1,0
3,1,1,0
3,1,1,2
3,1,1,0
3,0,1,1
3,0,1,0
3,0,1,0
3,0,1,1
3,0,1,2
3,0,1,0
3,0,1,0
3,0,1,0
2,79,1,0
2,78,1,1
2,78,1,1
2,77,1,0
2,72,1,1
2,69,1,0
2,67,1,0
2,67,1,0
2,66,1,0
2,66,1,0
2,64,1,1
2,61,1,1
2,60,1,1
2,58,1,0
2,50,1,0
2,45,1,1
2,45,1,0
2,44,1,1
2,42,1,0
2,39,1,0
2,38,1,0
2,38,1,0
2,38,1,0
2,33,1,0
2,31,1,0
2,30,1,2
2,29,1,0
2,29,1,0
2,29,1,0
2,28,1,0
2,28,1,1
2,28,1,3
2,26,1,1
2,26,1,0
2,23,1,0
2,23,1,0
2,21,1,3
2,19,1,1
2,16,1,7
2,15,1,0
2,15,1,0
2,14,1,0
2,13,1,0
2,12,1,0
2,10,1,2
2,10,1,0
2,9,1,0
2,9,1,0
2,8,1,0
2,6,1,0
2,6,1,1
2,6,1,0
2,5,1,0
2,4,1,0
2,3,1,0
2,2,1,0
2,1,1,0
2,0,1,0
2,0,1,0
2,0,1,1
2,0,1,0
2,0,1,1
2,0,1,1
2,0,1,1
2,0,1,1
2,0,1,0
1,77,1,0
1,76,1,1
1,74,1,0
1,73,1,0
1,72,1,0
1,71,1,0
1,70,1,0
1,69,1,0
1,68,1,1
1,64,1,1
1,59,1,0
1,56,1,0
1,55,1,1
1,55,1,2
1,55,1,0
1,55,1,0
1,50,1,0
1,50,1,0
1,49,1,0
1,49,1,2
1,43,1,0
1,42,1,0
1,35,1,2
1,33,1,0
1,33,1,0
1,31,1,0
1,30,1,2
1,28,1,0
1,28,1,1
1,26,1,0
1,26,1,1
1,25,1,1
1,24,1,0
1,23,1,0
1,22,1,1
1,18,1,1
1,18,1,0
1,17,1,1
1,16,1,0
1,14,1,3
1,13,1,0
1,12,1,0
1,11,1,0
1,8,1,0
1,6,1,0
1,6,1,0
1,5,1,1
1,5,1,0
1,5,1,1
1,4,1,3
1,4,1,1
1,3,1,1
1,2,1,0
1,1,1,0
1,1,1,0
1,1,1,0
1,1,1,0
1,1,1,0
1,1,1,1
1,1,1,1
1,0,1,0
1,0,1,1
1,0,1,0
1,0,1,0
1,0,1,0
1,0,1,0
1,0,1,7
1,0,1,2
1,0,1,0
1,0,1,0
1,0,1,1
1,0,1,0
1,0,1,0
1,0,1,0
1,0,1,1
1,0,1,0
1,0,1,0
1,0,1,3
1,0,1,0
1,0,1,1
1,0,1,0
0,74,1,0
0,62,1,0
0,61,1,1
0,60,1,0
0,60,1,0
0,59,1,0
0,59,1,0
0,59,1,1
0,58,1,0
0,58,1,2
0,57,1,9
0,57,1,0
0,57,1,1
0,56,1,0
0,56,1,1
0,55,1,0
0,55,1,1
0,54,1,0
0,53,1,1
0,52,1,1
0,52,1,0
0,51,1,0
0,51,1,0
0,51,1,0
0,50,1,1
0,50,1,1
0,50,1,1
0,50,1,0
0,50,1,0
0,50,1,0
0,50,1,1
0,49,1,0
0,49,1,0
0,49,1,0
0,49,1,5
0,49,1,1
0,48,1,2
0,48,1,0
0,48,1,0
0,48,1,4
0,48,1,0
0,48,1,0
0,48,1,1
0,48,1,0
0,48,1,1
0,47,1,2
0,47,1,0
0,47,1,0
0,47,1,1
0,47,1,0
0,47,1,0
0,47,1,0
0,46,1,0
0,46,1,0
0,46,1,0
0,46,1,1
0,46,1,0
0,46,1,0
0,46,1,0
0,46,1,0
0,45,1,0
0,45,1,0
0,45,1,0
0,45,1,0
0,45,1,0
0,45,1,0
0,45,1,0
0,44,1,0
0,44,1,0
0,44,1,0
0,44,1,0
0,43,1,3
0,43,1,0
0,43,1,0
0,43,1,0
0,43,1,0
0,43,1,1
0,43,1,0
0,43,1,0
0,42,1,0
0,42,1,0
0,42,1,0
0,42,1,0
0,42,1,0
0,42,1,1
0,42,1,0
0,41,1,0
0,41,1,0
0,41,1,0
0,41,1,0
0,41,1,0
0,41,1,0
0,41,1,0
0,41,1,0
0,41,1,1
0,41,1,0
0,40,1,3
0,40,1,1
0,40,1,1
0,40,1,0
0,40,1,0
0,40,1,0
0,40,1,0
0,40,1,0
0,39,1,1
0,39,1,0
0,39,1,0
0,39,1,1
0,39,1,0
0,39,1,0
0,39,1,0
0,39,1,0
0,39,1,0
0,38,1,0
0,38,1,0
0,38,1,0
0,38,1,4
0,38,1,0
0,38,1,1
0,38,1,0
0,38,1,1
0,38,1,0
0,37,1,0
0,37,1,1
0,37,1,0
0,37,1,0
0,37,1,1
0,37,1,1
0,37,1,0
0,37,1,0
0,36,1,3
0,36,1,0
0,36,1,0
0,36,1,0
0,36,1,0
0,36,1,4
0,36,1,0
0,36,1,1
0,36,1,0
0,35,1,0
0,35,1,0
0,35,1,1
0,35,1,0
0,35,1,1
0,35,1,1
0,35,1,0
0,35,1,0
0,35,1,1
0,34,1,1
0,34,1,0
0,34,1,3
0,34,1,1
0,34,1,0
0,34,1,0
0,34,1,0
0,34,1,1
0,33,1,0
0,33,1,0
0,33,1,1
0,33,1,0
0,33,1,1
0,33,1,0
0,33,1,0
0,33,1,0
0,33,1,0
0,32,1,0
0,32,1,0
0,32,1,0
0,32,1,0
0,32,1,0
0,32,1,0
0,32,1,1
0,32,1,1
0,32,1,0
0,32,1,1
0,32,1,0
0,32,1,0
0,31,1,0
0,31,1,1
0,31,1,0
0,31,1,0
0,31,1,1
0,31,1,1
0,31,1,0
0,31,1,0
0,31,1,0
0,30,1,1
0,30,1,0
0,30,1,0
0,30,1,0
0,30,1,0
0,30,1,0
0,30,1,0
0,30,1,0
0,30,1,1
0,29,1,0
0,29,1,0
0,29,1,0
0,29,1,1
0,29,1,0
0,29,1,0
0,29,1,0
0,29,1,0
0,29,1,1
0,29,1,2
0,28,1,0
0,28,1,1
0,28,1,0
0,28,1,1
0,28,1,0
0,28,1,0
0,28,1,0
0,27,1,0
0,27,1,4
0,27,1,0
0,27,1,0
0,27,1,0
0,27,1,1
0,27,1,0
0,27,1,0
0,27,1,0
0,27,1,1
0,27,1,1
0,26,1,0
0,26,1,0
0,26,1,1
0,26,1,0
0,26,1,0
0,26,1,1
0,26,1,0
0,26,1,0
0,25,1,1
0,25,1,0
0,25,1,0
0,25,1,3
0,25,1,1
0,25,1,1
0,25,1,0
0,25,1,0
0,24,1,0
0,24,1,0
0,24,1,0
0,24,1,1
0,24,1,0
0,24,1,1
0,24,1,0
0,23,1,0
0,23,1,0
0,23,1,0
0,23,1,0
0,23,1,2
0,23,1,0
0,23,1,0
0,23,1,0
0,22,1,1
0,22,1,0
0,22,1,0
0,22,1,0
0,22,1,0
0,22,1,0
0,22,1,1
0,22,1,1
0,22,1,0
0,22,1,0
0,21,1,1
0,21,1,0
0,21,1,0
0,21,1,0
0,21,1,0
0,21,1,0
0,21,1,0
0,21,1,3
0,21,1,1
0,21,1,1
0,21,1,0
0,21,1,0
0,21,1,0
0,20,1,4
0,20,1,4
0,20,1,2
0,20,1,0
0,20,1,0
0,20,1,0
0,20,1,0
0,20,1,0
0,20,1,0
0,20,1,0
0,19,1,0
0,19,1,0
0,19,1,0
0,19,1,0
0,19,1,0
0,19,1,0
0,19,1,1
0,19,1,0
0,19,1,0
0,19,1,4
0,18,1,3
0,18,1,0
0,18,1,0
0,18,1,0
0,18,1,0
0,18,1,0
0,17,1,0
0,17,1,0
0,17,1,1
0,17,1,0
0,17,1,0
0,17,1,0
0,17,1,0
0,17,1,0
0,17,1,0
0,16,1,0
0,16,1,0
0,16,1,0
0,16,1,0
0,16,1,0
0,16,1,0
0,16,1,0
0,16,1,0
0,15,1,0
0,15,1,3
0,15,1,0
0,15,1,0
0,15,1,0
0,15,1,0
0,15,1,0
0,14,1,0
0,14,1,2
0,14,1,9
0,14,1,0
0,14,1,2
0,14,1,0
0,14,1,1
0,14,1,0
0,13,1,0
0,13,1,0
0,13,1,0
0,13,1,0
0,13,1,0
0,13,1,0
0,13,1,0
0,13,1,0
0,13,1,1
0,13,1,0
0,12,1,1
0,12,1,0
0,12,1,0
0,12,1,2
0,12,1,0
0,12,1,0
0,12,1,0
0,12,1,0
0,12,1,1
0,11,1,3
0,11,1,0
0,11,1,0
0,11,1,1
0,11,1,0
0,11,1,1
0,11,1,0
0,11,1,0
0,11,1,0
0,11,1,0
0,10,1,0
0,10,1,1
0,10,1,0
0,10,1,1
0,10,1,0
0,10,1,0
0,10,1,1
0,9,1,0
0,9,1,1
0,9,1,0
0,9,1,0
0,9,1,0
0,9,1,2
0,9,1,0
0,9,1,0
0,9,1,0
0,9,1,3
0,8,1,1
0,8,1,0
0,8,1,0
0,8,1,0
0,8,1,0
0,8,1,0
0,8,1,0
0,8,1,1
0,8,1,1
0,8,1,1
0,7,1,1
0,7,1,1
0,7,1,0
0,7,1,1
0,7,1,0
0,7,1,0
0,7,1,0
0,6,1,0
0,6,1,0
0,6,1,0
0,6,1,1
0,6,1,0
0,6,1,2
0,6,1,0
0,6,1,0
0,6,1,1
0,6,1,0
0,6,1,0
0,6,1,0
0,5,1,0
0,5,1,0
0,5,1,0
0,5,1,0
0,5,1,0
0,5,1,0
0,5,1,4
0,5,1,0
0,5,1,0
0,5,1,0
0,5,1,0
0,5,1,0
0,4,1,3
0,4,1,1
0,4,1,0
0,4,1,0
0,4,1,1
0,4,1,2
0,4,1,1
0,4,1,0
0,4,1,0
0,4,1,0
0,4,1,1
0,4,1,0
0,4,1,5
0,4,1,0
0,3,1,0
0,3,1,0
0,3,1,1
0,3,1,0
0,3,1,1
0,3,1,0
0,3,1,0
0,3,1,1
0,3,1,0
0,3,1,0
0,2,1,0
0,2,1,0
0,2,1,1
0,2,1,1
0,2,1,0
0,2,1,0
0,2,1,0
0,2,1,0
0,2,1,0
0,2,1,0
0,2,1,1
0,2,1,0
0,2,1,0
0,2,1,5
0,2,1,1
0,2,1,1
0,2,1,0
0,2,1,1
0,2,1,1
0,2,1,0
0,2,1,0
0,2,1,0
0,2,1,0
0,2,1,3
0,2,1,0
0,2,1,0
0,2,1,1
0,2,1,0
0,2,1,1
0,1,1,0
0,1,1,0
0,1,1,0
0,1,1,1
0,1,1,0
0,1,1,0
0,1,1,0
0,1,1,1
0,1,1,0
0,1,1,0
0,1,1,1
0,1,1,0
0,1,1,0
0,1,1,1
0,1,1,0
0,1,1,4
0,1,1,3
0,1,1,1
0,1,1,1
0,1,1,1
0,1,1,1
0,1,1,0
0,1,1,5
0,1,1,3
0,1,1,0
0,1,1,0
0,1,1,0
0,1,1,0
0,1,1,0
0,1,1,0
0,1,1,0
0,1,1,0
0,1,1,1
0,1,1,0
0,1,1,0
0,1,1,4
0,1,1,4
0,1,1,0
0,1,1,0
0,1,1,1
0,1,1,1
0,1,1,1
0,1,1,1
0,1,1,1
0,1,1,1
0,1,1,0
0,1,1,0
0,1,1,3
0,1,1,0
0,1,1,0
0,1,1,0
0,1,1,1
0,1,1,0
0,1,1,0
0,1,1,0
0,0,1,0
0,0,1,2
0,0,1,0
0,0,1,0
0,0,1,0
0,0,1,0
0,0,1,0
0,0,1,1
0,0,1,0
0,0,1,0
0,0,1,0
0,0,1,0
0,0,1,0
0,0,1,0
0,0,1,0
0,0,1,0
0,0,1,0
0,0,1,0
0,0,1,1
0,0,1,0
0,0,1,1
0,0,1,0
0,0,1,0
0,0,1,0
0,0,1,0
0,0,1,0
0,0,1,0
0,0,1,0
0,0,1,0
0,0,1,0
0,0,1,0
0,0,1,0
0,0,1,0
0,0,1,0
0,0,1,0
0,0,1,1
0,0,1,0
0,0,1,0
0,0,1,0
0,0,1,0
0,0,1,3
0,0,1,0
0,0,1,0
0,0,1,0
0,0,1,0
0,0,1,0
0,0,1,0
0,0,1,1
0,0,1,0
0,0,1,1
0,0,1,0
0,0,1,0
0,0,1,0
0,0,1,0
0,0,1,2
0,0,1,2
0,0,1,2
0,0,1,0
0,0,1,1
0,0,1,3
0,0,1,1
0,0,1,0
0,0,1,0
0,0,1,0
0,0,1,0
0,0,1,2
0,0,1,2
0,0,1,3
0,0,1,3
0,0,1,3
0,0,1,3
0,0,1,0
0,0,1,0
0,0,1,0
0,0,1,0
0,0,1,0
0,0,1,0
0,0,1,0
0,0,1,0
0,0,1,0
0,0,1,0
0,0,1,0
0,0,1,0
0,0,1,0
0,0,1,0
0,0,1,1
0,0,1,0
0,0,1,3
0,0,1,1
0,0,1,0
0,0,1,1
0,0,1,1
0,0,1,0
0,0,1,0
0,0,1,0
0,0,1,0
0,0,1,0
0,0,1,2
0,0,1,0
0,0,1,2
0,0,1,2
0,0,1,0
0,0,1,0
0,0,1,1
0,0,1,1
0,0,1,0
0,0,1,0
0,0,1,1
0,0,1,1
0,0,1,0
0,0,1,1
0,0,1,0
0,0,1,2
0,0,1,0
0,0,1,0
0,0,1,0
0,0,1,1
0,0,1,0
0,0,1,2
0,0,1,2
0,0,1,2
0,0,1,3
0,0,1,3
0,0,1,0
0,0,1,1
0,0,1,0
0,0,1,0
0,0,1,0
0,0,1,1
0,0,1,4
0,0,1,0
0,0,1,1
0,0,1,3
0,0,1,0
0,0,1,0
0,0,1,1
0,0,1,0
0,0,1,0
0,0,1,0
0,0,1,0
0,0,1,0
0,0,1,0
0,0,1,0
0,0,1,1
0,0,1,1
0,0,1,0
0,0,1,0
0,0,1,0
0,0,1,0
0,0,1,1
0,0,1,0
0,0,1,0
0,0,1,0
0,0,1,0
0,0,1,0
0,0,1,0
0,0,1,0
0,0,1,0
0,0,1,0
0,0,1,0
0,0,1,0
0,0,1,0
0,0,1,0
0,0,1,4
0,0,1,0
0,0,1,0
0,0,1,0
0,0,1,0
0,0,1,0
0,0,1,0
0,0,1,0
0,0,1,0
0,0,1,0
0,0,1,0
0,0,1,1
0,0,1,1
0,0,1,1
0,0,1,5
0,0,1,0
0,0,1,1
0,0,1,0
0,0,1,0
0,0,1,0
0,0,1,0
0,0,1,0
0,0,1,0
0,0,1,0
0,0,1,0
0,0,1,0
0,0,1,0
0,0,1,7
0,0,1,0
0,0,1,0
0,0,1,0
0,0,1,1
0,0,1,0
0,0,1,1
0,0,1,0
0,0,1,0
0,0,1,0
0,0,1,0
0,0,1,0
0,0,1,2
0,0,1,0
0,0,1,0
0,0,1,4
0,0,1,0
0,0,1,0
0,0,1,0
0,0,1,0
0,0,1,0
0,0,1,1
0,0,1,0
0,0,1,3
0,0,1,0
0,0,1,0
0,0,1,0
0,0,1,0
0,0,1,0
0,0,1,0
0,0,1,0
0,0,1,0
0,0,1,3
0,0,1,0
0,0,1,0
0,0,1,0
0,0,1,0
0,0,1,1
0,0,1,0
0,0,1,0
0,0,1,0
0,0,1,2
0,0,1,0
0,0,1,0
0,0,1,0
0,0,1,0
0,0,1,0
0,0,1,0
0,0,1,6
0,0,1,0
0,0,1,0
0,0,1,0
0,0,1,0
0,0,1,1
0,0,1,0
0,0,1,0
0,0,1,0
0,0,1,0
0,0,1,0
0,0,1,0
0,0,1,0
0,0,1,5
0,0,1,0
0,0,1,0
0,0,1,0
0,0,1,0
0,0,1,4
0,0,1,0
0,0,1,0
0,0,1,0
0,0,1,0
0,0,1,0
0,0,1,0
0,0,1,0
0,0,1,0
0,0,1,0
0,0,1,0
0,0,1,2
0,0,1,1
0,0,1,0
0,0,1,1
0,0,1,0
0,0,1,0
0,0,1,1
0,0,1,0
0,0,1,0
0,0,1,0
0,0,1,0
0,0,1,1
0,0,1,0
0,0,1,1
0,0,1,0
0,0,1,1
0,0,1,0
0,0,1,0
0,0,1,0
0,0,1,0
0,0,1,0
0,0,1,1
0,0,1,0
0,0,1,0
0,0,1,0
0,0,1,1
0,0,1,1
0,0,1,0
0,0,1,1
0,0,1,1
0,0,1,1
0,0,1,1
0,0,1,1
0,0,1,1
0,0,1,1
0,0,1,1
0,0,1,1
0,0,1,1
0,0,1,1
0,0,1,1
0,0,1,0
0,0,1,0
0,0,1,1
0,0,1,0
0,0,1,0
0,0,1,0
0,0,1,2
0,0,1,0
0,0,1,0
0,0,1,1
0,0,1,0
0,0,1,0
0,0,1,0
0,0,1,2
0,0,1,0
0,0,1,0
0,0,1,0
0,0,1,0
0,0,1,1
0,0,1,1
0,0,1,0
0,0,1,3
0,0,1,2
0,0,1,1
0,0,1,4
0,0,1,2
0,0,1,0
0,0,1,1
0,0,1,0
0,0,1,0
0,0,1,0
0,0,1,0
0,0,1,0
0,0,1,0
0,0,1,0
0,0,1,0
0,0,1,0
0,0,1,0
0,0,1,0
0,0,1,0
0,0,1,0
0,0,1,0
0,0,1,0
0,0,1,0
0,0,1,0
0,0,1,0
0,0,1,0
0,0,1,0
0,0,1,0
0,0,1,0
0,0,1,0
0,0,1,0
0,0,1,0
0,0,1,0
0,0,1,0
0,0,1,0
0,0,1,0
0,0,1,0
0,0,1,0
0,0,1,0
0,0,1,0
0,0,1,0
0,0,1,1
0,0,1,1
0,0,1,0
0,0,1,0
0,0,1,0
0,0,1,4
0,0,1,0
0,0,1,1
0,0,1,0
0,0,1,0
0,0,1,0
0,0,1,0
0,0,1,1
0,0,1,0
0,0,1,0
0,0,1,2
0,0,1,0
0,0,1,1
0,0,1,0
0,0,1,1
0,0,1,0
0,0,1,0
0,0,1,0
0,0,1,1
0,0,1,1
0,0,1,0
0,0,1,0
0,0,1,0
0,0,1,0
0,0,1,0
0,0,1,0
0,0,1,0
0,0,1,0
0,0,1,1
0,0,1,0
0,0,1,0
0,0,1,0
0,0,1,0
0,0,1,1
0,0,1,0
0,0,1,0
0,0,1,0
0,0,1,0
0,0,1,0
0,0,1,0
0,0,1,1
0,0,1,0
0,0,1,0
0,0,1,0
0,0,1,0
0,0,1,0
0,0,1,0
0,0,1,0
0,0,1,0
0,0,1,1
0,0,1,0
0,0,1,0
0,0,1,0
0,0,1,0
0,0,1,0
0,0,1,0
0,0,1,0
0,0,1,0
0,0,1,0
0,0,1,0
0,0,1,0
0,0,1,0
0,0,1,0
0,0,1,0
0,0,1,0
0,0,1,0
0,0,1,0
0,0,1,0
0,0,1,0
0,0,1,0
0,0,1,2
0,0,1,0
0,0,1,0
0,0,1,0
0,0,1,1
0,0,1,0
0,0,1,0
0,0,1,0
0,0,1,0
0,0,1,0
0,0,1,0
0,0,1,0
0,0,1,0
0,0,1,0
0,0,1,0
0,0,1,1
0,0,1,0
0,0,1,0
0,0,1,0
0,0,1,0
0,0,1,0
0,0,1,0
0,0,1,0
0,0,1,0
0,0,1,1
0,0,1,0
0,0,1,0
0,0,1,0
0,0,1,1
0,0,1,0
0,0,1,0
0,0,1,1
0,0,1,0
0,0,1,0
0,0,1,0
0,0,1,0
0,0,1,0
0,0,1,0
0,0,1,0
0,0,1,0
0,0,1,0
0,0,1,1
0,0,1,1
0,0,1,6
0,0,1,2
0,0,1,0
0,0,1,1
0,0,1,1
0,0,1,0
0,0,1,0
0,0,1,0
0,0,1,0
0,0,1,1
0,0,1,0
0,0,1,1
0,0,1,0
0,0,1,2
0,0,1,0
0,0,1,0
0,0,1,0
0,0,1,0
0,0,1,2
0,0,1,0
0,0,1,1
0,0,1,1
0,0,1,0
0,0,1,1
0,0,1,0
0,0,1,0
0,0,1,0
0,0,1,0
0,0,1,0
0,0,1,0
0,0,1,0
0,0,1,0
0,0,1,0
0,0,1,0
0,0,1,0
0,0,1,1
0,0,1,0
0,0,1,0
0,0,1,0
0,0,1,0
0,0,1,0
0,0,1,0
0,0,1,1
0,0,1,0
0,0,1,0
0,0,1,2
0,0,1,0
0,0,1,0
0,0,1,0
0,0,1,0
0,0,1,0
0,0,1,0
0,0,1,0
0,0,1,5
0,0,1,0
0,0,1,0
0,0,1,0
0,0,1,0
0,0,1,0
0,0,1,1
0,0,1,0
0,0,1,0
0,0,1,0
0,0,1,0
0,0,1,0
0,0,1,1
0,0,1,0
0,0,1,0
0,0,1,0
0,0,1,0
0,0,1,0
0,0,1,0
0,0,1,0
0,0,1,1
0,0,1,2
0,0,1,0
0,0,1,0
0,0,1,2
0,0,1,3
0,0,1,1
0,0,1,0
0,0,1,0
0,0,1,0
0,0,1,0
0,0,1,0
0,0,1,0
0,0,1,1
0,0,1,2
0,0,1,0
0,0,1,1
0,0,1,0
0,0,1,0
0,0,1,0
0,0,1,0
0,0,1,2
0,0,1,1
0,0,1,0
0,0,1,0
0,0,1,0
0,0,1,0
0,0,1,0
0,0,1,1
0,0,1,0
0,0,1,2
0,0,1,0
0,0,1,1
0,0,1,0
0,0,1,0
0,0,1,0
0,0,1,0
0,0,1,0
0,0,1,2
0,0,1,3
0,0,1,0
0,0,1,0
0,0,1,0
0,0,1,0
0,0,1,1
0,0,1,2
0,0,1,0
0,0,1,0
0,0,1,0
0,0,1,0
0,0,1,0
0,0,1,0
0,0,1,0
0,0,1,1
0,0,1,0
0,0,1,1
0,0,1,0
0,0,1,0
0,0,1,0
0,0,1,3
0,0,1,0
0,0,1,0
0,0,1,0
0,0,1,0
0,0,1,0
0,0,1,2
0,0,1,0
0,0,1,2
0,0,1,1
0,0,1,1
0,0,1,0
0,0,1,0
0,0,1,0
0,0,1,0
0,0,1,0
0,0,1,0
0,0,1,0
0,0,1,0
0,0,1,0
0,0,1,0
0,0,1,0
0,0,1,0
0,0,1,0
0,0,1,0
0,0,1,0
0,0,1,0
0,0,1,0
0,0,1,0
0,0,1,1
0,0,1,1
0,0,1,1
0,0,1,1
0,0,1,1
0,0,1,1
0,0,1,1
0,0,1,1
0,0,1,1
0,0,1,1
0,0,1,1
0,0,1,1
0,0,1,1
0,0,1,1
0,0,1,0
0,0,1,1
0,0,1,0
0,0,1,0
0,0,1,0
0,0,1,1
0,0,1,0
0,0,1,0
0,0,1,0
0,0,1,0
0,0,1,3
0,0,1,0
0,0,1,1
0,0,1,0
0,0,1,1
0,0,1,0
0,0,1,3
0,0,1,0
0,0,1,0
0,0,1,3
0,0,1,0
0,0,1,0
0,0,1,0
0,0,1,2
0,0,1,8
0,0,1,0
0,0,1,1
0,0,1,0
0,0,1,0
0,0,1,0
0,0,1,0
0,0,1,0
0,0,1,0
0,0,1,1
0,0,1,0
0,0,1,0
0,0,1,0
0,0,1,0
0,0,1,0
0,0,1,0
0,0,1,0
0,0,1,0
0,0,1,0
0,0,1,0
0,0,1,0
0,0,1,2
0,0,1,0
0,0,1,1
0,0,1,0
0,0,1,0
0,0,1,4
0,0,1,1
0,0,1,0
0,0,1,1
0,0,1,1
0,0,1,0
0,0,1,0
0,0,1,0
0,0,1,0
0,0,1,0
0,0,1,0
0,0,1,3
0,0,1,0
0,0,1,0
0,0,1,0
0,0,1,0
0,0,1,0
0,0,1,0
0,0,1,0
0,0,1,1
0,0,1,0
0,0,1,3
0,0,1,0
0,0,1,3
0,0,1,0
0,0,1,1
0,0,1,1
0,0,1,0
0,0,1,0
0,0,1,0
0,0,1,0
0,0,1,0
0,0,1,0
0,0,1,0
0,0,1,0
0,0,1,0
0,0,1,0
0,0,1,0
0,0,1,2
0,0,1,0
0,0,1,10
0,0,1,0
0,0,1,1
0,0,1,1
0,0,1,0
0,0,1,0
0,0,1,0
0,0,1,0
0,0,1,0
0,0,1,0
0,0,1,1
0,0,1,0
0,0,1,0
0,0,1,0
0,0,1,0
0,0,1,0
0,0,1,0
0,0,1,2
0,0,1,0
0,0,1,0
0,0,1,0
0,0,1,0
0,0,1,1
0,0,1,1
0,0,1,0
0,0,1,0
0,0,1,1
0,0,1,0
0,0,1,0
0,0,1,0
0,0,1,1
0,0,1,1
0,0,1,0
0,0,1,0
0,0,1,1
0,0,1,0
0,0,1,0
0,0,1,0
0,0,1,0
0,0,1,0
0,0,1,0
0,0,1,0
0,0,1,0
0,0,1,1
0,0,1,0
0,0,1,0
0,0,1,0
0,0,1,0
0,0,1,3
0,0,1,0
0,0,1,0
0,0,1,0
0,0,1,0
0,0,1,0
0,0,1,0
0,0,1,0
0,0,1,0
0,0,1,0
0,0,1,1
0,0,1,0
0,0,1,0
0,0,1,0
0,0,1,0
0,0,1,2
0,0,1,0
0,0,1,0
0,0,1,0
0,0,1,0
0,0,1,0
0,0,1,1
0,0,1,0
0,0,1,0
0,0,1,1
0,0,1,1
0,0,1,0
0,0,1,0
0,0,1,0
0,0,1,0
0,0,1,0
0,0,1,0
0,0,1,1
0,0,1,0
0,0,1,0
0,0,1,0
0,0,1,0
0,0,1,0
0,0,1,0
0,0,1,0
0,0,1,0
0,0,1,0
0,0,1,0
0,0,1,1
0,0,1,2
0,0,1,0
0,0,1,1
0,0,1,0
0,0,1,0
0,0,1,0
0,0,1,0
0,0,1,0
0,0,1,2
0,0,1,0
0,0,1,0
0,0,1,0
0,0,1,0
0,0,1,0
0,0,1,0
0,0,1,1
0,0,1,0
0,0,1,1
0,0,1,0
0,0,1,0
0,0,1,1
0,0,1,0
0,0,1,0
0,0,1,0
0,0,1,0
0,0,1,0
0,0,1,1
0,0,1,1
0,0,1,0
0,0,1,1
0,0,1,0
0,0,1,0
0,0,1,0
0,0,1,0
0,0,1,0
0,0,1,0
0,0,1,0
0,0,1,0
0,0,1,1
0,0,1,0
0,0,1,1
0,0,1,0
0,0,1,0
0,0,1,0
0,0,1,0
0,0,1,0
0,0,1,0
0,0,1,0
0,0,1,0
0,0,1,0
0,0,1,0
0,0,1,1
0,0,1,0
0,0,1,0
0,0,1,1
0,0,1,0
0,0,1,0
0,0,1,0
0,0,1,0
0,0,1,0
0,0,1,0
0,0,1,0
0,0,1,0
0,0,1,0
0,0,1,0
0,0,1,1
0,0,1,0
0,0,1,0
0,0,1,0
0,0,1,0
0,0,1,1
0,0,1,0
0,0,1,0
0,0,1,0
0,0,1,1
0,0,1,2
0,0,1,0
0,0,1,0
0,0,1,0
0,0,1,0
0,0,1,0
0,0,1,0
0,0,1,0
0,0,1,0
0,0,1,0
0,0,1,0
0,0,1,0
0,0,1,0
0,0,1,0
0,0,1,0
0,0,1,0
0,0,1,0
0,0,1,0
0,0,1,1
0,0,1,1
0,0,1,2
0,0,1,1
0,0,1,1
0,0,1,0
0,0,1,0
0,0,1,0
0,0,1,0
0,0,1,0
0,0,1,0
0,0,1,0
0,0,1,0
0,0,1,0
0,0,1,0
0,0,1,1
0,0,1,1
0,0,1,2
0,0,1,0
0,0,1,0
0,0,1,0
0,0,1,0
0,0,1,0
0,0,1,0
0,0,1,0
0,0,1,0
0,0,1,0
0,0,1,0
0,0,1,0
0,0,1,0
0,0,1,0
0,0,1,1
0,0,1,0
0,0,1,0
0,0,1,0
0,0,1,0
0,0,1,1
0,0,1,2
0,0,1,0
0,0,1,0
0,0,1,2
0,0,1,0
0,0,1,0
0,0,1,0
0,0,1,3
0,0,1,0
0,0,1,0
0,0,1,0
0,0,1,0
0,0,1,0
0,0,1,0
0,0,1,0
0,0,1,0
0,0,1,0
0,0,1,0
0,0,1,0
0,0,1,0
0,0,1,0
0,0,1,0
0,0,1,0
0,0,1,0
0,0,1,0
0,0,1,0
0,0,1,0
0,0,1,0
0,0,1,4
0,0,1,0
0,0,1,0
0,0,1,0
0,0,1,0
0,0,1,1
0,0,1,1
0,0,1,0
0,0,1,0
0,0,1,0
0,0,1,0
0,0,1,0
0,0,1,0
0,0,1,0
0,0,1,0
0,0,1,0
0,0,1,0
0,0,1,0
0,0,1,0
0,0,1,0
0,0,1,0
0,0,1,0
0,0,1,3
0,0,1,0
0,0,1,0
0,0,1,0
0,0,1,0
0,0,1,7
0,0,1,0
0,0,1,0
0,0,1,0
0,0,1,0
0,0,1,0
0,0,1,0
0,0,1,0
0,0,1,1
0,0,1,1
0,0,1,1
0,0,1,0
0,0,1,0
0,0,1,0
0,0,1,0
0,0,1,0
0,0,1,0
0,0,1,0
0,0,1,1
0,0,1,0
0,0,1,0
0,0,1,0
0,0,1,0
0,0,1,0
0,0,1,0
0,0,1,0
0,0,1,0
0,0,1,0
0,0,1,0
0,0,1,0
0,0,1,0
0,0,1,0
0,0,1,0
0,0,1,2
0,0,1,1
0,0,1,0
0,0,1,0
0,0,1,0
0,0,1,0
0,0,1,0
0,0,1,0
0,0,1,0
0,0,1,0
0,0,1,1
0,0,1,0
0,0,1,1
0,0,1,0
0,0,1,0
0,0,1,1
0,0,1,0
0,0,1,0
0,0,1,0
0,0,1,3
0,0,1,0
0,0,1,0
0,0,1,0
0,0,1,0
0,0,1,1
0,0,1,1
0,0,1,0
0,0,1,1
0,0,1,0
0,0,1,0
0,0,1,1
0,0,1,0
0,0,1,0
0,0,1,0
0,0,1,0
0,0,1,0
0,0,1,0
0,0,1,0
0,0,1,0
0,0,1,1
0,0,1,0
0,0,1,1
0,0,1,0
0,0,1,0
0,0,1,2
0,0,1,0
0,0,1,0
0,0,1,0
0,0,1,0
0,0,1,0
0,0,1,0
0,0,1,0
0,0,1,0
0,0,1,1
0,0,1,0
0,0,1,0
0,0,1,0
0,0,1,0
0,0,1,0
0,0,1,0
0,0,1,1
0,0,1,0
0,0,1,1
0,0,1,0
0,0,1,1
0,0,1,3
0,0,1,0
0,0,1,0
0,0,1,0
0,0,1,0
0,0,1,0
0,0,1,1
0,0,1,0
0,0,1,0
0,0,1,0
0,0,1,0
0,0,1,0
0,0,1,0
0,0,1,0
0,0,1,0
0,0,1,0
0,0,1,0
0,0,1,0
0,0,1,0
0,0,1,0
0,0,1,0
0,0,1,0
0,0,1,0
0,0,1,0
0,0,1,0
0,0,1,0
0,0,1,0
0,0,1,0
0,0,1,0
0,0,1,0
0,0,1,0
0,0,1,0
0,0,1,0
0,0,1,0
0,0,1,0
0,0,1,0
0,0,1,0
0,0,1,0
0,0,1,0
0,0,1,0
0,0,1,0
0,0,1,0
0,0,1,0
0,0,1,1
0,0,1,1
0,0,1,1
0,0,1,1
0,0,1,1
0,0,1,1
0,0,1,1
0,0,1,1
0,0,1,1
0,0,1,1
0,0,1,1
0,0,1,1
0,0,1,0
0,0,1,0
0,0,1,0
0,0,1,1
0,0,1,0
0,0,1,0
0,0,1,0
0,0,1,0
0,0,1,1
0,0,1,0
0,0,1,1
0,0,1,0
0,0,1,0
0,0,1,1
0,0,1,0
0,0,1,0
0,0,1,0
0,0,1,0
0,0,1,0
0,0,1,0
0,0,1,2
0,0,1,0
0,0,1,0
0,0,1,0
0,0,1,0
0,0,1,0
0,0,1,0
0,0,1,0
0,0,1,0
0,0,1,0
0,0,1,1
0,0,1,6
0,0,1,0
0,0,1,0
0,0,1,0
0,0,1,5
0,0,1,2
0,0,1,0
0,0,1,0
0,0,1,0
0,0,1,0
0,0,1,2
0,0,1,7
0,0,1,0
0,0,1,0
0,0,1,0
0,0,1,1
0,0,1,1
0,0,1,0
0,0,1,0
0,0,1,1
0,0,1,0
0,0,1,1
0,0,1,2
0,0,1,2
0,0,1,2
0,0,1,2
0,0,1,0
0,0,1,0
0,0,1,0
0,0,1,1
0,0,1,0
0,0,1,0
0,0,1,0
0,0,1,0
0,0,1,0
0,0,1,0
0,0,1,0
0,0,1,0
0,0,1,0
0,0,1,0
0,0,1,0
0,0,1,0
0,0,1,0
0,0,1,0
0,0,1,1
0,0,1,0
0,0,1,1
0,0,1,5
0,0,1,0
0,0,1,0
0,0,1,0
0,0,1,0
0,0,1,1
0,0,1,0
0,0,1,0
0,0,1,0
0,0,1,0
0,0,1,0
0,0,1,0
0,0,1,0
0,0,1,0
0,0,1,0
0,0,1,0
0,0,1,1
0,0,1,0
0,0,1,1
0,0,1,0
0,0,1,1
0,0,1,0
0,0,1,0
0,0,1,0
0,0,1,0
0,0,1,0
0,0,1,0
0,0,1,1
0,0,1,0
0,0,1,0
0,0,1,0
0,0,1,0
0,0,1,0
0,0,1,0
0,0,1,0
0,0,1,0
0,0,1,1
0,0,1,0
0,0,1,0
0,0,1,0
0,0,1,0
0,0,1,0
0,0,1,0
0,0,1,1
0,0,1,0
0,0,1,0
0,0,1,1
0,0,1,0
0,0,1,0
0,0,1,0
0,0,1,0
0,0,1,0
0,0,1,2
0,0,1,0
0,0,1,1
0,0,1,0
0,0,1,0
0,0,1,0
0,0,1,1
0,0,1,0
0,0,1,0
0,0,1,0
0,0,1,0
0,0,1,0
0,0,1,0
0,0,1,2
0,0,1,0
0,0,1,0
0,0,1,1
0,0,1,1
0,0,1,0
0,0,1,0
0,0,1,0
0,0,1,0
0,0,1,1
0,0,1,0
0,0,1,0
0,0,1,0
0,0,1,1
0,0,1,1
0,0,1,1
0,0,1,2
0,0,1,1
0,0,1,1
0,0,1,1
0,0,1,0
0,0,1,0
0,0,1,0
0,0,1,1
0,0,1,0
0,0,1,2
0,0,1,2
0,0,1,1
0,0,1,2
0,0,1,2
0,0,1,0
0,0,1,0
0,0,1,0
0,0,1,0
0,0,1,1
0,0,1,0
0,0,1,0
0,0,1,0
0,0,1,1
0,0,1,1
0,0,1,1
0,0,1,1
0,0,1,0
0,0,1,1
0,0,1,0
0,0,1,2
0,0,1,1
0,0,1,0
0,0,1,0
0,0,1,1
0,0,1,0
0,0,1,0
0,0,1,0
0,0,1,0
0,0,1,0
0,0,1,0
0,0,1,1
0,0,1,0
0,0,1,0
0,0,1,0
0,0,1,0
0,0,1,2
0,0,1,0
0,0,1,0
0,0,1,0
0,0,1,0
0,0,1,0
0,0,1,0
0,0,1,1
0,0,1,1
0,0,1,0
0,0,1,0
0,0,1,1
0,0,1,0
0,0,1,0
0,0,1,3
0,0,1,0
0,0,1,0
0,0,1,0
0,0,1,0
0,0,1,0
0,0,1,0
0,0,1,3
0,0,1,0
0,0,1,0
0,0,1,0
0,0,1,0
0,0,1,1
0,0,1,0
0,0,1,0
0,0,1,1
0,0,1,0
0,0,1,0
0,0,1,1
0,0,1,0
0,0,1,0
0,0,1,0
0,0,1,0
0,0,1,1
0,0,1,2
0,0,1,0
0,0,1,0
0,0,1,1
0,0,1,0
0,0,1,0
0,0,1,0
0,0,1,0
0,0,1,0
0,0,1,0
0,0,1,0
0,0,1,0
0,0,1,0
0,0,1,0
0,0,1,1
0,0,1,0
0,0,1,0
0,0,1,1
0,0,1,3
0,0,1,0
0,0,1,0
0,0,1,0
0,0,1,0
0,0,1,1
0,0,1,0
0,0,1,0
0,0,1,0
0,0,1,1
0,0,1,0
0,0,1,3
0,0,1,0
0,0,1,0
0,0,1,0
0,0,1,0
0,0,1,0
0,0,1,0
0,0,1,0
0,0,1,0
0,0,1,0
0,0,1,0
0,0,1,3
0,0,1,0
0,0,1,0
0,0,1,0
0,0,1,0
0,0,1,4
0,0,1,2
0,0,1,0
0,0,1,0
0,0,1,0
0,0,1,0
0,0,1,0
0,0,1,0
0,0,1,0
0,0,1,0
0,0,1,3
0,0,1,0
0,0,1,0
0,0,1,3
0,0,1,1
0,0,1,1
0,0,1,0
0,0,1,0
0,0,1,0
0,0,1,0
0,0,1,1
0,0,1,2
0,0,1,0
0,0,1,1
139,50,0,0
124,78,0,0
119,78,0,0
119,63,0,0
118,67,0,0
110,99,0,0
110,97,0,2
110,78,0,4
110,75,0,3
110,61,0,7
109,101,0,8
109,91,0,0
109,85,0,0
109,75,0,1
109,72,0,0
109,55,0,0
108,89,0,2
108,78,0,0
108,71,0,2
108,54,0,5
107,87,0,5
107,77,0,8
107,77,0,10
107,54,0,1
107,53,0,4
106,106,0,4
106,85,0,4
106,76,0,3
106,70,0,0
105,88,0,0
105,88,0,2
105,58,0,0
105,53,0,2
104,110,0,1
104,92,0,2
104,87,0,3
104,76,0,1
104,56,0,0
103,107,0,4
103,86,0,8
103,86,0,2
103,81,0,0
102,105,0,7
102,86,0,3
102,69,0,3
102,62,0,0
101,82,0,6
101,74,0,0
101,67,0,3
100,94,0,3
100,87,0,1
100,80,0,1
100,66,0,4
100,60,0,2
100,60,0,3
100,60,0,3
100,53,0,2
100,50,0,9
99,105,0,2
99,92,0,2
99,85,0,4
99,79,0,1
99,76,0,0
99,72,0,9
99,72,0,0
99,52,0,3
98,97,0,3
98,96,0,2
98,86,0,2
98,80,0,4
98,75,0,10
98,74,0,2
98,70,0,4
98,69,0,0
98,53,0,0
98,50,0,0
97,100,0,8
97,97,0,3
97,97,0,3
97,78,0,7
97,76,0,3
97,64,0,10
97,63,0,0
96,96,0,3
96,96,0,8
96,93,0,2
96,86,0,3
96,65,0,1
96,60,0,3
96,58,0,0
96,58,0,0
96,57,0,0
96,56,0,10
95,94,0,3
95,94,0,3
95,93,0,3
95,80,0,0
95,78,0,0
95,72,0,0
95,66,0,1
95,56,0,0
95,50,0,0
94,104,0,7
94,95,0,0
94,95,0,8
94,94,0,7
94,82,0,2
94,78,0,0
93,98,0,1
93,96,0,9
93,95,0,7
93,88,0,1
93,86,0,4
93,76,0,0
93,63,0,1
93,61,0,2
93,59,0,0
92,94,0,3
92,93,0,1
92,91,0,4
92,87,0,4
92,81,0,0
92,61,0,8
92,57,0,3
92,56,0,4
91,108,0,10
91,92,0,4
91,89,0,2
91,73,0,9
91,68,0,4
91,68,0,0
91,67,0,1
91,61,0,0
90,97,0,0
90,83,0,2
90,79,0,3
90,76,0,4
90,70,0,9
90,67,0,0
90,62,0,3
90,62,0,0
89,99,0,4
89,97,0,1
89,84,0,1
89,84,0,2
89,80,0,3
89,77,0,1
89,65,0,3
89,63,0,0
89,51,0,1
88,105,0,4
88,104,0,8
88,81,0,5
88,80,0,4
88,77,0,3
88,77,0,3
88,75,0,1
88,75,0,1
88,66,0,1
88,65,0,0
88,58,0,0
88,51,0,0
87,107,0,3
87,104,0,7
87,85,0,2
87,79,0,0
87,79,0,1
87,79,0,0
87,76,0,0
87,64,0,0
87,61,0,0
87,57,0,0
87,53,0,0
87,51,0,3
86,103,0,0
86,103,0,9
86,102,0,2
86,99,0,3
86,93,0,4
86,87,0,1
86,81,0,8
86,79,0,0
86,78,0,5
86,67,0,0
86,62,0,0
85,99,0,3
85,98,0,2
85,93,0,7
85,87,0,3
85,81,0,3
85,72,0,4
85,63,0,0
85,55,0,2
84,89,0,0
84,86,0,0
84,79,0,0
84,75,0,0
84,73,0,4
84,72,0,8
83,106,0,4
83,82,0,2
83,82,0,4
83,76,0,0
83,74,0,3
83,73,0,1
83,70,0,5
83,54,0,2
83,50,0,1
82,103,0,5
82,83,0,0
82,75,0,3
82,71,0,0
82,71,0,2
82,68,0,3
82,67,0,2
82,66,0,3
81,103,0,4
81,89,0,0
81,86,0,0
81,73,0,1
81,71,0,0
81,69,0,3
81,63,0,8
81,59,0,0
81,52,0,1
80,109,0,3
80,89,0,0
80,88,0,4
80,75,0,4
80,72,0,2
80,70,0,3
80,66,0,2
80,63,0,0
80,56,0,0
80,52,0,0
80,52,0,1
79,100,0,1
79,98,0,0
79,90,0,8
79,87,0,0
79,83,0,3
79,78,0,0
79,74,0,4
79,71,0,0
79,71,0,0
79,69,0,2
79,59,0,2
79,56,0,1
79,51,0,0
78,110,0,2
78,100,0,4
78,97,0,3
78,81,0,2
78,77,0,3
78,70,0,0
78,68,0,4
78,67,0,1
78,59,0,0
78,59,0,5
78,57,0,1
78,56,0,0
78,51,0,1
78,51,0,0
78,45,0,3
77,107,0,0
77,95,0,0
77,90,0,4
77,88,0,8
77,78,0,5
77,75,0,4
77,75,0,0
77,66,0,0
77,61,0,0
77,59,0,0
77,58,0,0
77,56,0,0
77,56,0,0
77,55,0,2
77,55,0,0
77,52,0,0
77,52,0,0
76,106,0,4
76,99,0,4
76,96,0,0
76,82,0,1
76,76,0,0
76,72,0,3
76,69,0,1
76,69,0,3
76,67,0,1
76,65,0,0
76,65,0,0
76,57,0,0
76,55,0,0
76,55,0,0
76,52,0,1
76,52,0,0
75,110,0,1
75,109,0,2
75,98,0,0
75,95,0,1
75,82,0,7
75,81,0,3
75,78,0,0
75,75,0,2
75,70,0,1
75,67,0,2
75,66,0,0
75,63,0,0
75,62,0,4
75,61,0,1
75,58,0,0
75,50,0,1
74,138,0,0
74,101,0,4
74,98,0,8
74,95,0,0
74,93,0,10
74,83,0,5
74,79,0,4
74,59,0,0
74,56,0,0
74,51,0,1
74,51,0,0
74,51,0,0
74,51,0,2
74,51,0,0
74,50,0,1
73,91,0,4
73,84,0,2
73,76,0,3
73,74,0,1
73,69,0,10
73,67,0,2
73,67,0,0
73,66,0,0
73,65,0,1
73,62,0,0
73,58,0,1
73,58,0,0
73,54,0,0
73,54,0,3
73,53,0,0
73,45,0,3
72,107,0,5
72,99,0,2
72,85,0,3
72,80,0,4
72,79,0,0
72,76,0,3
72,76,0,0
72,74,0,1
72,70,0,0
72,67,0,0
72,60,0,0
72,59,0,0
72,57,0,0
72,56,0,0
72,53,0,0
72,51,0,0
71,108,0,2
71,91,0,6
71,87,0,3
71,84,0,0
71,82,0,4
71,79,0,8
71,70,0,1
71,65,0,1
71,58,0,0
71,58,0,3
71,57,0,0
70,103,0,5
70,98,0,2
70,95,0,0
70,94,0,1
70,90,0,3
70,83,0,4
70,80,0,3
70,70,0,0
70,63,0,0
70,63,0,0
70,58,0,1
70,56,0,0
70,55,0,0
70,52,0,0
70,51,0,0
70,18,0,0
69,102,0,7
69,81,0,0
69,78,0,0
69,74,0,8
69,73,0,7
69,72,0,4
69,61,0,0
69,60,0,10
69,58,0,0
68,101,0,3
68,91,0,3
68,90,0,1
68,82,0,2
68,79,0,0
68,78,0,3
68,64,0,8
68,63,0,2
68,60,0,0
68,60,0,0
68,57,0,0
68,56,0,1
68,56,0,0
68,53,0,1
68,52,0,0
67,91,0,7
67,91,0,1
67,90,0,10
67,89,0,0
67,85,0,3
67,85,0,0
67,68,0,0
67,64,0,4
67,62,0,1
67,58,0,0
67,57,0,0
67,56,0,1
67,52,0,1
66,100,0,0
66,95,0,5
66,92,0,1
66,88,0,0
66,88,0,0
66,82,0,0
66,77,0,2
66,75,0,0
66,70,0,0
66,69,0,1
66,65,0,0
66,65,0,4
66,63,0,2
66,62,0,1
66,59,0,0
66,57,0,3
66,56,0,0
66,56,0,0
65,109,0,4
65,96,0,4
65,88,0,9
65,80,0,0
65,74,0,0
65,71,0,4
65,70,0,2
65,67,0,0
65,66,0,9
65,56,0,1
65,55,0,10
65,54,0,0
65,51,0,0
64,101,0,0
64,73,0,1
64,69,0,0
64,68,0,4
64,67,0,0
64,65,0,3
64,63,0,0
64,61,0,2
64,59,0,3
64,56,0,6
64,56,0,0
64,54,0,1
63,102,0,3
63,97,0,4
63,89,0,0
63,84,0,8
63,80,0,1
63,67,0,2
63,67,0,1
63,66,0,1
63,66,0,1
63,65,0,0
63,65,0,0
63,59,0,0
63,59,0,0
63,56,0,0
63,56,0,0
63,55,0,0
63,55,0,4
63,51,0,0
63,51,0,0
63,51,0,4
63,50,0,0
62,106,0,2
62,94,0,4
62,90,0,2
62,68,0,1
62,67,0,10
62,64,0,0
62,62,0,4
62,62,0,3
62,57,0,0
62,56,0,0
62,56,0,0
62,56,0,0
62,54,0,0
62,12,0,0
61,98,0,0
61,93,0,4
61,92,0,8
61,87,0,0
61,84,0,1
61,79,0,3
61,78,0,0
61,75,0,1
61,75,0,2
61,64,0,2
61,59,0,0
61,58,0,0
61,56,0,0
61,52,0,2
61,52,0,0
60,100,0,5
60,100,0,1
60,96,0,4
60,79,0,1
60,77,0,0
60,73,0,0
60,69,0,5
60,68,0,0
60,64,0,1
60,60,0,4
60,57,0,0
60,57,0,0
60,57,0,2
60,56,0,0
60,56,0,0
60,54,0,0
60,53,0,2
60,50,0,0
59,102,0,9
59,79,0,0
59,78,0,0
59,77,0,0
59,75,0,0
59,74,0,0
59,74,0,1
59,67,0,0
59,67,0,0
59,67,0,1
59,64,0,3
59,59,0,2
59,59,0,0
59,59,0,0
59,58,0,0
59,56,0,0
59,56,0,0
59,54,0,0
59,52,0,0
59,50,0,3
58,78,0,0
58,76,0,1
58,76,0,0
58,76,0,0
58,75,0,0
58,75,0,0
58,73,0,0
58,73,0,1
58,69,0,1
58,68,0,0
58,63,0,0
58,61,0,2
58,60,0,0
58,59,0,0
58,59,0,3
58,57,0,4
58,57,0,0
58,56,0,1
58,55,0,0
58,51,0,0
58,51,0,0
58,51,0,3
58,50,0,0
57,92,0,1
57,77,0,4
57,76,0,0
57,75,0,0
57,71,0,0
57,68,0,8
57,68,0,0
57,66,0,0
57,65,0,0
57,65,0,0
57,62,0,4
57,62,0,0
57,60,0,0
57,59,0,0
57,58,0,3
57,57,0,0
57,55,0,0
57,55,0,2
57,51,0,6
57,50,0,0
57,50,0,0
57,23,0,1
56,108,0,0
56,104,0,4
56,92,0,8
56,78,0,1
56,78,0,0
56,78,0,0
56,70,0,0
56,67,0,5
56,67,0,0
56,67,0,1
56,64,0,0
56,63,0,0
56,61,0,1
56,60,0,0
56,56,0,0
56,56,0,0
56,55,0,4
56,55,0,0
56,54,0,8
56,52,0,1
56,15,0,0
55,78,0,1
55,78,0,1
55,75,0,2
55,74,0,0
55,70,0,4
55,69,0,0
55,68,0,0
55,67,0,0
55,66,0,0
55,65,0,3
55,65,0,0
55,63,0,2
55,62,0,0
55,62,0,0
55,61,0,0
55,61,0,0
55,60,0,1
55,59,0,1
55,59,0,0
55,58,0,0
55,58,0,0
55,58,0,2
55,57,0,2
55,56,0,0
55,55,0,0
55,54,0,1
55,53,0,4
55,52,0,0
55,49,0,0
55,45,0,0
54,111,0,0
54,108,0,3
54,83,0,2
54,76,0,6
54,75,0,2
54,75,0,0
54,71,0,2
54,68,0,0
54,67,0,1
54,67,0,4
54,65,0,0
54,65,0,1
54,64,0,0
54,60,0,0
54,59,0,0
54,59,0,2
54,58,0,4
54,56,0,3
54,56,0,0
54,55,0,1
54,52,0,0
54,50,0,0
53,105,0,2
53,100,0,0
53,89,0,5
53,75,0,2
53,75,0,0
53,67,0,0
53,57,0,0
53,57,0,0
53,57,0,0
53,57,0,0
53,56,0,0
53,56,0,2
53,56,0,2
53,56,0,0
53,54,0,0
53,51,0,0
52,90,0,4
52,81,0,4
52,80,0,0
52,78,0,0
52,78,0,1
52,76,0,0
52,76,0,5
52,76,0,1
52,74,0,2
52,73,0,4
52,71,0,0
52,65,0,0
52,65,0,1
52,60,0,0
52,60,0,2
52,60,0,1
52,59,0,0
52,59,0,0
52,57,0,4
52,56,0,0
52,56,0,1
52,56,0,0
52,55,0,0
52,53,0,0
52,51,0,7
52,50,0,0
52,46,0,0
51,79,0,0
51,78,0,9
51,77,0,0
51,76,0,1
51,70,0,0
51,69,0,0
51,68,0,0
51,67,0,0
51,66,0,0
51,65,0,0
51,65,0,0
51,64,0,0
51,63,0,0
51,58,0,3
51,56,0,2
51,52,0,0
51,51,0,0
51,16,0,0
51,7,0,0
50,98,0,4
50,97,0,3
50,91,0,9
50,90,0,1
50,80,0,2
50,59,0,8
50,45,0,2
50,31,0,0
50,26,0,3
50,7,0,1
49,68,0,0
49,52,0,1
49,43,0,3
47,62,0,1
47,41,0,0
46,56,0,0
46,45,0,0
45,50,0,0
45,48,0,1
43,63,0,0
43,1,0,0
42,70,0,0
42,63,0,0
42,40,0,0
41,80,0,1
41,71,0,0
41,67,0,1
41,2,0,0
40,15,0,2
39,77,0,2
39,25,0,5
39,10,0,0
38,37,0,4
37,30,0,1
36,46,0,3
36,38,0,0
36,31,0,3
35,71,0,0
35,56,0,0
35,33,0,0
35,18,0,8
35,4,0,0
34,39,0,0
34,24,0,0
34,12,0,0
34,12,0,3
33,66,0,2
33,64,0,0
33,38,0,0
32,26,0,3
32,12,0,2
31,65,0,0
31,48,0,0
31,31,0,3
31,22,0,3
30,39,0,2
29,11,0,4
28,27,0,4
27,42,0,1
27,21,0,4
27,18,0,2
26,44,0,1
26,16,0,2
25,50,0,0
25,29,0,3
24,33,0,3
24,10,0,3
24,4,0,2
23,62,0,6
23,51,0,0
23,40,0,2
23,34,0,0
22,108,0,0
22,62,0,0
22,35,0,0
22,7,0,0
21,66,0,2
21,33,0,2
21,25,0,1
21,15,0,0
20,76,0,5
20,34,0,4
20,8,0,0
19,19,0,0
18,28,0,3
17,36,0,10
16,13,0,1
15,58,0,0
15,45,0,0
15,14,0,4
14,61,0,0
14,23,0,8
14,22,0,0
13,17,0,2
12,20,0,7
12,18,0,0
11,24,0,3
10,75,0,5
10,32,0,9
9,75,0,3
9,58,0,0
7,45,0,0
7,15,0,2
6,72,0,2
3,73,0,2
1,40,0,1
1,39,0,1
0,55,0,1
0,47,0,3
0,45,0,1
0,15,0,4
0,10,0,1
0,7,0,3
0,1,0,4
