Retweets,Favorites,New_Feature,Class
8.0,42.0,0,1
28.0,31.0,0,1
18.0,9.0,0,1
9.0,33.0,0,1
23.0,49.0,0,1
47.0,21.0,0,1
54.0,27.0,0,1
56.0,74.0,0,1
14.0,2.0,0,1
84.0,57.0,4,0
36.0,31.0,0,1
57.0,36.0,0,1
23.0,40.0,0,1
52.0,85.0,0,0
77.0,96.0,0,0
57.0,59.0,0,1
75.0,55.0,0,1
31.0,2.0,0,1
22.0,13.0,0,1
73.0,16.0,0,1
1.0,38.0,0,1
34.0,33.0,0,1
73.0,58.0,0,0
57.0,7.0,0,1
0.0,4.0,0,1
27.0,77.0,1,1
19.0,52.0,2,1
3.0,43.0,1,1
1.0,66.0,1,1
21.0,71.0,4,1
45.0,22.0,2,1
36.0,43.0,1,1
22.0,76.0,6,1
6.0,64.0,0,1
28.0,4.0,1,1
56.0,56.0,1,0
16.0,18.0,1,1
58.0,49.0,4,1
23.0,35.0,0,1
20.0,14.0,1,1
25.0,47.0,0,1
25.0,3.0,0,1
15.0,5.0,0,1
55.0,56.0,0,0
18.0,43.0,1,1
7.0,23.0,1,1
2.0,4.0,1,1
14.0,50.0,4,1
6.0,48.0,4,1
41.0,42.0,1,1
21.0,3.0,1,1
29.0,23.0,1,1
46.0,42.0,0,1
8.0,42.0,1,1
21.0,3.0,1,1
9.0,34.0,5,1
37.0,49.0,4,1
43.0,42.0,1,1
30.0,3.0,1,1
7.0,42.0,1,1
41.0,46.0,1,1
15.0,4.0,3,1
2.0,4.0,1,1
27.0,17.0,1,1
14.0,7.0,1,1
13.0,14.0,1,1
76.0,57.0,1,0
50.0,42.0,4,1
40.0,12.0,1,1
42.0,30.0,1,1
78.0,19.0,1,1
75.0,53.0,1,0
74.0,29.0,0,1
8.0,9.0,1,1
68.0,48.0,1,1
49.0,48.0,1,1
43.0,39.0,1,1
50.0,23.0,0,1
27.0,45.0,1,1
50.0,31.0,3,1
70.0,5.0,1,1
42.0,21.0,2,1
22.0,17.0,0,1
78.0,59.0,1,0
40.0,43.0,1,1
55.0,55.0,1,0
69.0,2.0,1,1
68.0,25.0,2,1
59.0,17.0,0,1
66.0,16.0,2,1
73.0,30.0,1,1
70.0,25.0,1,1
42.0,10.0,1,1
48.0,48.0,1,1
16.0,31.0,0,1
72.0,32.0,2,1
49.0,4.0,2,1
34.0,18.0,0,1
48.0,41.0,3,1
50.0,10.0,1,1
44.0,8.0,1,1
54.0,59.0,0,0
46.0,20.0,1,1
67.0,54.0,3,0
74.0,8.0,2,1
74.0,42.0,1,1
78.0,11.0,1,1
45.0,17.0,3,1
77.0,42.0,2,1
55.0,57.0,3,0
60.0,58.0,0,0
40.0,32.0,1,1
73.0,3.0,5,0
54.0,17.0,5,1
53.0,22.0,4,1
70.0,25.0,0,1
0.0,40.0,1,1
23.0,23.0,2,1
52.0,51.0,0,0
0.0,5.0,3,1
35.0,40.0,5,1
70.0,14.0,1,1
30.0,3.0,2,1
40.0,10.0,2,1
0.0,0.0,2,1
0.0,0.0,2,1
0.0,0.0,1,1
0.0,0.0,1,1
2.0,0.0,4,1
17.0,0.0,1,1
0.0,0.0,1,1
0.0,2.0,4,1
0.0,0.0,1,1
27.0,0.0,1,1
0.0,0.0,1,1
0.0,0.0,1,1
39.0,0.0,2,1
0.0,1.0,0,1
14.0,0.0,2,1
29.0,7.0,1,1
28.0,37.0,3,1
1.0,0.0,1,1
0.0,0.0,2,1
0.0,0.0,2,1
0.0,0.0,1,1
41.0,4.0,0,1
32.0,0.0,4,1
14.0,0.0,3,1
5.0,0.0,1,1
3.0,11.0,3,1
0.0,0.0,1,1
4.0,16.0,5,1
26.0,0.0,2,1
0.0,0.0,0,1
0.0,0.0,1,1
20.0,0.0,4,1
0.0,0.0,0,1
1.0,0.0,6,1
0.0,0.0,1,1
0.0,0.0,1,1
0.0,0.0,0,1
1.0,0.0,3,1
0.0,0.0,0,1
0.0,0.0,1,1
0.0,0.0,1,1
0.0,0.0,1,1
0.0,0.0,5,1
29.0,20.0,1,1
0.0,0.0,1,1
0.0,0.0,2,1
8.0,38.0,0,1
0.0,0.0,4,1
14.0,45.0,0,1
0.0,0.0,2,1
0.0,0.0,1,1
27.0,11.0,1,1
0.0,0.0,0,1
0.0,0.0,1,1
1.0,0.0,4,1
12.0,23.0,1,1
0.0,0.0,1,1
0.0,0.0,1,1
2.0,21.0,2,1
0.0,0.0,0,1
7.0,9.0,3,1
1.0,26.0,3,1
25.0,3.0,0,1
26.0,5.0,0,1
0.0,0.0,1,1
15.0,6.0,1,1
18.0,34.0,4,1
26.0,42.0,1,1
25.0,4.0,1,1
43.0,20.0,1,1
0.0,0.0,5,1
0.0,0.0,2,1
23.0,47.0,1,1
0.0,0.0,1,1
26.0,42.0,6,1
61.0,28.0,4,1
45.0,37.0,0,1
16.0,17.0,1,1
64.0,19.0,1,1
64.0,35.0,4,1
27.0,39.0,1,1
5.0,46.0,1,1
16.0,41.0,1,1
0.0,0.0,1,1
37.0,45.0,1,1
33.0,4.0,1,1
0.0,0.0,1,1
54.0,50.0,2,1
13.0,47.0,5,1
23.0,10.0,6,1
0.0,0.0,2,1
0.0,0.0,6,1
0.0,0.0,1,1
0.0,0.0,2,1
0.0,0.0,1,1
0.0,0.0,1,1
0.0,0.0,2,1
0.0,0.0,2,1
0.0,0.0,5,1
0.0,0.0,4,1
42.0,0.0,1,1
0.0,0.0,7,1
0.0,0.0,1,1
0.0,0.0,1,1
0.0,0.0,1,1
0.0,0.0,1,1
45.0,0.0,1,1
1.0,0.0,1,1
8.0,0.0,5,1
30.0,0.0,1,1
38.0,0.0,4,1
0.0,0.0,1,1
0.0,0.0,0,1
0.0,0.0,3,1
0.0,0.0,1,1
0.0,0.0,5,1
1.0,0.0,8,1
0.0,0.0,0,1
0.0,42.0,2,1
0.0,21.0,0,1
0.0,38.0,0,1
0.0,13.0,5,1
0.0,24.0,1,1
36.0,32.0,1,1
0.0,0.0,6,1
0.0,30.0,1,1
0.0,0.0,2,1
0.0,0.0,1,1
19.0,27.0,5,1
0.0,0.0,1,1
25.0,30.0,1,1
0.0,0.0,2,1
0.0,0.0,1,1
2.0,0.0,1,1
8.0,9.0,0,1
16.0,1.0,2,1
32.0,36.0,0,1
0.0,0.0,3,1
27.0,19.0,0,1
0.0,0.0,0,1
0.0,0.0,2,1
18.0,48.0,2,1
0.0,10.0,1,1
0.0,31.0,1,1
0.0,4.0,4,1
0.0,0.0,0,1
0.0,0.0,1,1
12.0,0.0,0,1
40.0,33.0,1,1
25.0,0.0,2,1
0.0,40.0,2,1
0.0,23.0,7,1
10.0,20.0,0,1
0.0,0.0,1,1
14.0,31.0,7,1
23.0,49.0,1,1
22.0,0.0,1,1
0.0,0.0,0,1
22.0,0.0,1,1
0.0,25.0,0,1
0.0,0.0,2,1
0.0,1.0,2,1
0.0,31.0,4,1
15.0,0.0,1,1
0.0,9.0,2,1
16.0,0.0,4,1
0.0,30.0,5,1
17.0,0.0,1,1
28.0,0.0,1,1
46.0,19.0,1,1
67.0,65.0,2,0
0.0,0.0,4,1
8.0,42.0,0,1
4.0,4.0,1,1
28.0,50.0,1,1
52.0,9.0,1,1
63.0,44.0,0,1
44.0,2.0,1,1
12.0,22.0,5,1
28.0,52.0,4,1
28.0,49.0,1,1
73.0,28.0,1,1
5.0,64.0,2,1
69.0,1.0,1,1
2.0,27.0,1,1
28.0,64.0,2,1
52.0,69.0,2,1
11.0,3.0,0,1
35.0,37.0,1,1
22.0,66.0,1,1
61.0,2.0,2,1
6.0,19.0,3,1
9.0,25.0,4,1
27.0,49.0,7,1
75.0,61.0,0,1
51.0,62.0,1,1
50.0,57.0,0,0
55.0,20.0,7,1
69.0,68.0,1,1
26.0,32.0,3,1
0.0,3.0,2,1
56.0,6.0,2,1
0.0,9.0,2,1
14.0,0.0,10,1
0.0,40.0,1,1
0.0,0.0,2,1
0.0,0.0,1,1
0.0,10.0,1,1
15.0,0.0,1,1
1.0,0.0,2,1
48.0,0.0,3,1
0.0,0.0,4,1
0.0,0.0,2,1
13.0,0.0,0,1
0.0,0.0,2,1
8.0,0.0,1,1
31.0,24.0,2,1
25.0,35.0,1,1
46.0,42.0,1,1
29.0,48.0,2,1
0.0,0.0,2,1
16.0,34.0,1,1
0.0,0.0,2,1
36.0,40.0,0,1
74.0,83.0,4,0
0.0,0.0,1,1
0.0,0.0,2,1
0.0,0.0,0,1
39.0,4.0,2,1
0.0,0.0,2,1
0.0,0.0,1,1
35.0,30.0,2,1
28.0,7.0,4,1
0.0,0.0,1,1
0.0,0.0,2,1
0.0,0.0,7,1
0.0,0.0,2,1
0.0,0.0,8,1
16.0,17.0,1,1
25.0,20.0,4,1
5.0,3.0,2,1
0.0,0.0,2,1
1.0,0.0,5,1
23.0,1.0,1,1
0.0,0.0,0,1
0.0,0.0,1,1
0.0,33.0,6,1
0.0,0.0,2,1
0.0,25.0,1,1
0.0,0.0,0,1
0.0,0.0,1,1
0.0,0.0,1,1
0.0,0.0,1,1
20.0,0.0,1,1
3.0,0.0,1,1
50.0,0.0,2,1
30.0,0.0,2,1
0.0,43.0,2,1
0.0,0.0,2,1
0.0,0.0,1,1
0.0,0.0,1,1
0.0,14.0,3,1
0.0,0.0,1,1
0.0,0.0,1,1
0.0,0.0,5,1
0.0,0.0,2,1
66.0,100.0,5,0
0.0,0.0,1,1
0.0,0.0,0,1
89.0,63.0,4,0
91.0,68.0,5,0
0.0,0.0,0,1
4.0,40.0,1,1
0.0,0.0,1,1
69.0,81.0,4,0
97.0,63.0,4,0
21.0,9.0,0,1
87.0,85.0,4,0
87.0,79.0,1,0
45.0,34.0,0,1
43.0,44.0,2,1
16.0,20.0,0,1
18.0,1.0,0,1
49.0,20.0,1,1
68.0,62.0,1,0
6.0,5.0,3,1
11.0,29.0,5,0
25.0,39.0,8,0
4.0,1.0,1,1
36.0,46.0,1,1
32.0,9.0,1,1
65.0,76.0,1,0
11.0,22.0,1,1
41.0,0.0,1,1
64.0,51.0,0,0
5.0,23.0,1,1
57.0,44.0,0,1
38.0,34.0,0,1
76.0,34.0,0,1
54.0,44.0,0,1
50.0,41.0,1,1
72.0,2.0,2,1
41.0,8.0,1,1
5.0,23.0,0,1
60.0,52.0,3,0
24.0,12.0,1,1
66.0,11.0,0,1
30.0,37.0,4,1
49.0,55.0,0,0
21.0,6.0,0,1
19.0,5.0,0,1
6.0,18.0,2,1
14.0,22.0,0,1
17.0,39.0,0,1
52.0,77.0,1,0
42.0,11.0,1,1
66.0,29.0,0,1
19.0,22.0,2,1
77.0,42.0,0,1
57.0,62.0,1,0
5.0,5.0,5,1
27.0,44.0,1,1
65.0,66.0,1,0
5.0,33.0,2,1
54.0,7.0,4,1
57.0,58.0,0,0
69.0,55.0,1,0
57.0,78.0,1,0
6.0,14.0,0,1
67.0,21.0,0,1
80.0,41.0,0,1
79.0,38.0,0,1
66.0,57.0,0,0
58.0,75.0,0,0
25.0,45.0,1,1
56.0,62.0,2,0
44.0,22.0,1,1
64.0,47.0,1,1
34.0,33.0,1,1
62.0,66.0,2,0
74.0,39.0,3,1
27.0,13.0,4,1
51.0,74.0,1,0
51.0,37.0,1,1
63.0,85.0,1,0
59.0,40.0,0,1
58.0,73.0,2,0
7.0,10.0,0,1
13.0,37.0,5,1
60.0,27.0,0,1
67.0,49.0,1,1
0.0,43.0,0,1
50.0,32.0,0,1
55.0,22.0,0,1
45.0,55.0,1,0
68.0,54.0,1,0
6.0,26.0,1,1
36.0,36.0,0,1
24.0,25.0,1,1
3.0,29.0,1,1
68.0,31.0,1,1
39.0,21.0,1,1
47.0,24.0,1,1
34.0,33.0,0,1
26.0,13.0,0,1
15.0,42.0,0,1
70.0,45.0,0,1
46.0,48.0,0,1
32.0,50.0,0,1
69.0,51.0,1,0
10.0,25.0,0,1
10.0,21.0,0,1
73.0,81.0,3,0
31.0,27.0,0,1
55.0,4.0,2,1
120.0,7.0,1,1
23.0,28.0,1,1
50.0,60.0,5,1
38.0,0.0,4,1
0.0,0.0,0,1
14.0,0.0,0,1
7.0,23.0,3,1
65.0,63.0,1,0
37.0,0.0,5,1
91.0,109.0,2,0
45.0,0.0,0,1
0.0,0.0,1,1
0.0,0.0,1,1
52.0,0.0,1,1
0.0,0.0,1,1
91.0,50.0,10,0
0.0,0.0,1,1
0.0,0.0,2,1
0.0,0.0,1,1
0.0,0.0,1,1
61.0,58.0,4,0
0.0,0.0,2,1
0.0,0.0,4,1
0.0,0.0,0,1
0.0,0.0,2,1
0.0,0.0,1,1
0.0,0.0,0,1
1.0,0.0,5,1
1.0,0.0,6,1
0.0,0.0,1,1
1.0,10.0,2,1
39.0,12.0,2,1
0.0,0.0,5,1
2.0,0.0,0,1
0.0,0.0,5,1
0.0,0.0,1,1
22.0,0.0,1,1
0.0,0.0,1,1
14.0,0.0,1,1
58.0,71.0,5,0
0.0,0.0,0,1
43.0,0.0,0,1
0.0,0.0,1,1
0.0,0.0,1,1
0.0,0.0,1,1
82.0,94.0,3,0
0.0,0.0,1,1
0.0,0.0,1,1
0.0,0.0,0,1
0.0,0.0,0,1
0.0,0.0,1,1
106.0,106.0,4,0
0.0,0.0,1,1
13.0,33.0,1,1
0.0,0.0,1,1
0.0,49.0,1,1
19.0,4.0,0,1
52.0,28.0,1,1
14.0,17.0,0,1
27.0,47.0,1,1
58.0,37.0,1,1
96.0,65.0,4,0
0.0,32.0,1,1
0.0,46.0,0,1
0.0,23.0,2,1
78.0,51.0,10,0
0.0,27.0,1,1
0.0,47.0,1,1
0.0,22.0,1,1
39.0,0.0,1,1
61.0,93.0,5,0
55.0,0.0,5,1
74.0,79.0,8,0
50.0,0.0,1,1
60.0,0.0,1,1
77.0,88.0,4,0
58.0,57.0,4,0
85.0,72.0,6,0
0.0,20.0,1,1
39.0,28.0,2,1
0.0,0.0,1,1
0.0,0.0,1,1
12.0,28.0,0,1
21.0,0.0,1,1
92.0,57.0,2,0
69.0,60.0,8,0
0.0,0.0,1,1
103.0,86.0,10,0
50.0,4.0,1,1
55.0,65.0,10,0
33.0,20.0,1,1
11.0,8.0,0,1
58.0,51.0,4,0
45.0,9.0,1,1
2.0,40.0,1,1
29.0,37.0,2,1
1.0,57.0,0,1
30.0,44.0,3,1
10.0,47.0,0,1
36.0,46.0,2,1
26.0,51.0,1,1
9.0,75.0,2,1
47.0,54.0,1,1
60.0,53.0,1,1
39.0,43.0,1,1
29.0,56.0,3,1
3.0,55.0,0,1
53.0,65.0,1,1
31.0,50.0,1,1
12.0,66.0,2,1
2.0,41.0,1,1
5.0,15.0,5,1
35.0,14.0,2,1
56.0,47.0,5,1
57.0,68.0,1,0
78.0,75.0,1,0
31.0,16.0,1,1
17.0,42.0,1,1
2.0,21.0,1,1
27.0,42.0,4,1
39.0,48.0,2,1
57.0,57.0,1,0
15.0,3.0,1,1
43.0,8.0,0,1
17.0,45.0,2,1
18.0,23.0,2,1
45.0,12.0,1,1
6.0,23.0,1,1
0.0,23.0,1,1
56.0,63.0,0,0
36.0,15.0,3,1
54.0,53.0,1,0
57.0,42.0,1,1
67.0,78.0,2,0
78.0,61.0,1,0
78.0,56.0,2,0
8.0,9.0,1,1
17.0,4.0,2,1
15.0,37.0,2,1
18.0,23.0,1,1
8.0,34.0,1,1
51.0,74.0,2,0
5.0,5.0,1,1
53.0,12.0,1,1
55.0,1.0,4,1
44.0,4.0,4,1
59.0,5.0,0,1
47.0,21.0,2,1
42.0,21.0,2,1
53.0,43.0,2,1
51.0,27.0,1,1
55.0,27.0,2,1
76.0,37.0,1,1
41.0,6.0,1,1
71.0,12.0,1,1
53.0,6.0,1,1
50.0,17.0,0,1
67.0,35.0,1,1
77.0,50.0,2,1
66.0,10.0,1,1
75.0,33.0,1,1
61.0,24.0,1,1
14.0,3.0,0,1
76.0,15.0,1,1
57.0,14.0,0,1
73.0,1.0,0,1
46.0,7.0,1,1
58.0,5.0,1,1
45.0,46.0,1,0
59.0,35.0,2,1
61.0,33.0,5,1
60.0,3.0,1,1
79.0,23.0,3,1
65.0,34.0,3,1
42.0,23.0,3,1
78.0,46.0,1,1
72.0,47.0,1,1
73.0,35.0,1,1
66.0,55.0,0,0
48.0,15.0,1,1
77.0,13.0,0,1
49.0,35.0,1,1
77.0,39.0,5,0
66.0,41.0,0,1
68.0,57.0,1,0
40.0,46.0,0,1
53.0,16.0,1,1
0.0,32.0,2,1
0.0,0.0,1,1
0.0,16.0,1,1
1.0,13.0,2,1
0.0,23.0,1,1
0.0,25.0,1,1
0.0,0.0,1,1
0.0,0.0,1,1
0.0,0.0,1,1
0.0,0.0,0,1
0.0,0.0,1,1
0.0,0.0,0,1
21.0,0.0,2,1
32.0,0.0,2,1
35.0,0.0,2,1
0.0,0.0,1,1
0.0,0.0,1,1
0.0,0.0,1,1
0.0,0.0,4,1
0.0,0.0,1,1
0.0,0.0,0,1
31.0,43.0,5,1
5.0,13.0,1,1
11.0,0.0,1,1
18.0,44.0,1,1
0.0,0.0,0,1
0.0,0.0,0,1
0.0,0.0,2,1
18.0,0.0,1,1
0.0,0.0,2,1
43.0,0.0,2,1
9.0,0.0,2,1
19.0,0.0,1,1
0.0,0.0,1,1
0.0,0.0,1,1
0.0,0.0,3,1
0.0,0.0,0,1
0.0,0.0,1,1
0.0,0.0,2,1
0.0,0.0,3,1
1.0,0.0,0,1
0.0,0.0,1,1
0.0,0.0,1,1
0.0,0.0,1,1
0.0,0.0,1,1
0.0,0.0,1,1
0.0,0.0,1,1
0.0,0.0,1,1
0.0,0.0,0,1
0.0,0.0,3,1
0.0,0.0,1,1
0.0,0.0,2,1
43.0,27.0,0,1
35.0,35.0,4,1
34.0,26.0,1,1
22.0,19.0,1,1
6.0,33.0,2,1
0.0,0.0,1,1
0.0,0.0,1,1
0.0,0.0,1,1
0.0,0.0,1,1
0.0,0.0,0,1
0.0,0.0,1,1
29.0,25.0,1,1
11.0,27.0,1,1
23.0,12.0,1,1
20.0,29.0,1,1
33.0,6.0,1,1
27.0,19.0,3,1
35.0,4.0,0,1
25.0,38.0,1,1
28.0,22.0,1,1
2.0,29.0,2,1
13.0,21.0,1,1
0.0,0.0,1,1
0.0,0.0,1,1
20.0,31.0,1,1
1.0,0.0,0,1
11.0,15.0,0,1
35.0,10.0,1,1
42.0,1.0,1,1
0.0,0.0,1,1
0.0,0.0,1,1
4.0,0.0,1,1
0.0,0.0,1,1
35.0,23.0,0,1
1.0,23.0,1,1
67.0,10.0,1,1
18.0,3.0,6,1
56.0,70.0,0,0
60.0,56.0,1,0
50.0,54.0,2,0
47.0,23.0,1,1
68.0,1.0,3,1
31.0,30.0,0,1
42.0,26.0,1,1
25.0,34.0,0,1
0.0,0.0,1,1
50.0,14.0,2,1
0.0,0.0,2,1
0.0,0.0,1,1
0.0,0.0,1,1
0.0,0.0,1,1
0.0,0.0,1,1
0.0,0.0,1,1
0.0,0.0,2,1
0.0,0.0,0,1
0.0,0.0,1,1
0.0,0.0,0,1
0.0,0.0,1,1
0.0,0.0,1,1
0.0,0.0,1,1
0.0,0.0,2,1
0.0,0.0,1,1
0.0,0.0,1,1
0.0,0.0,0,1
0.0,0.0,1,1
18.0,0.0,0,1
50.0,0.0,1,1
33.0,0.0,2,1
48.0,0.0,1,1
0.0,0.0,2,1
0.0,0.0,0,1
0.0,0.0,8,1
0.0,0.0,1,1
0.0,0.0,1,1
0.0,0.0,1,1
1.0,0.0,0,1
0.0,0.0,4,1
0.0,0.0,1,1
0.0,17.0,3,1
0.0,12.0,1,1
0.0,37.0,1,1
70.0,72.0,0,0
95.0,74.0,1,0
0.0,0.0,1,1
6.0,36.0,1,1
18.0,17.0,1,1
45.0,49.0,1,1
4.0,42.0,1,1
27.0,28.0,1,1
0.0,0.0,0,1
0.0,0.0,0,1
0.0,0.0,1,1
0.0,0.0,2,1
0.0,0.0,1,1
0.0,0.0,1,1
0.0,0.0,2,1
26.0,17.0,0,1
17.0,18.0,1,1
5.0,20.0,0,1
28.0,27.0,2,1
1.0,0.0,1,1
0.0,0.0,2,1
0.0,0.0,4,1
0.0,16.0,1,1
0.0,0.0,1,1
0.0,28.0,1,1
0.0,47.0,1,1
0.0,39.0,1,1
4.0,36.0,1,1
32.0,0.0,1,1
37.0,0.0,1,1
43.0,0.0,1,1
36.0,0.0,1,1
11.0,0.0,0,1
6.0,0.0,0,1
0.0,5.0,0,1
0.0,32.0,0,1
8.0,37.0,1,1
38.0,2.0,1,1
11.0,39.0,1,1
1.0,0.0,2,1
0.0,0.0,1,1
0.0,0.0,2,1
0.0,0.0,1,1
0.0,0.0,1,1
0.0,50.0,1,1
0.0,44.0,0,1
0.0,34.0,0,1
0.0,43.0,1,1
0.0,39.0,1,1
7.0,0.0,2,1
45.0,0.0,1,1
43.0,0.0,0,1
36.0,0.0,3,1
0.0,0.0,1,1
0.0,0.0,0,1
5.0,20.0,1,1
36.0,33.0,1,1
27.0,43.0,1,1
20.0,0.0,1,1
22.0,65.0,4,1
34.0,46.0,5,1
32.0,21.0,1,1
22.0,24.0,6,1
18.0,23.0,1,1
23.0,0.0,1,1
27.0,37.0,1,1
70.0,30.0,1,1
68.0,19.0,2,1
37.0,20.0,1,1
18.0,16.0,3,1
63.0,54.0,1,1
15.0,9.0,5,1
74.0,20.0,1,1
11.0,24.0,2,1
59.0,24.0,1,1
51.0,14.0,1,1
66.0,33.0,3,0
70.0,15.0,1,1
32.0,71.0,1,1
58.0,52.0,1,1
38.0,47.0,1,1
61.0,15.0,1,1
26.0,68.0,4,1
55.0,33.0,0,1
15.0,68.0,1,1
0.0,0.0,1,1
0.0,0.0,1,1
0.0,3.0,3,1
0.0,27.0,1,1
0.0,14.0,0,1
5.0,0.0,1,1
31.0,0.0,3,1
43.0,0.0,1,1
46.0,0.0,0,1
29.0,0.0,1,1
0.0,0.0,1,1
0.0,1.0,3,1
0.0,0.0,2,1
0.0,0.0,0,1
1.0,0.0,0,1
0.0,0.0,1,1
10.0,21.0,0,1
0.0,27.0,1,1
33.0,26.0,1,1
20.0,37.0,1,1
22.0,23.0,3,1
6.0,40.0,1,1
25.0,3.0,1,1
27.0,0.0,1,1
4.0,30.0,2,1
0.0,0.0,6,1
2.0,0.0,3,1
0.0,0.0,1,1
1.0,0.0,0,1
0.0,0.0,1,1
0.0,0.0,1,1
0.0,0.0,2,1
0.0,0.0,4,1
0.0,0.0,1,1
0.0,0.0,1,1
0.0,0.0,1,1
0.0,0.0,4,1
14.0,49.0,2,1
51.0,51.0,2,0
29.0,21.0,0,1
26.0,34.0,1,1
66.0,29.0,1,1
34.0,28.0,2,1
0.0,0.0,3,1
0.0,0.0,1,1
0.0,0.0,1,1
0.0,0.0,1,1
0.0,0.0,2,1
0.0,0.0,1,1
0.0,0.0,1,1
1.0,0.0,2,1
0.0,0.0,1,1
0.0,0.0,1,1
0.0,40.0,1,1
0.0,18.0,2,1
0.0,21.0,1,1
0.0,24.0,1,1
0.0,34.0,1,1
0.0,41.0,1,1
0.0,0.0,2,1
15.0,0.0,1,1
23.0,0.0,1,1
17.0,0.0,2,1
25.0,0.0,1,1
0.0,0.0,4,1
0.0,0.0,1,1
0.0,0.0,12,1
0.0,0.0,4,1
0.0,0.0,1,1
0.0,0.0,1,1
2.0,0.0,0,1
64.0,61.0,3,0
93.0,86.0,4,0
77.0,66.0,4,0
0.0,0.0,1,1
99.0,85.0,4,0
60.0,96.0,4,0
0.0,0.0,2,1
93.0,96.0,3,0
98.0,75.0,3,0
0.0,0.0,0,1
0.0,0.0,0,1
0.0,0.0,2,1
1.0,18.0,1,1
11.0,41.0,1,1
2.0,15.0,1,1
60.0,100.0,4,0
81.0,86.0,9,0
68.0,91.0,8,0
82.0,68.0,3,0
35.0,4.0,8,1
90.0,70.0,3,0
10.0,24.0,4,0
46.0,29.0,0,1
21.0,13.0,1,1
11.0,10.0,0,1
39.0,50.0,0,1
48.0,19.0,1,1
14.0,4.0,1,1
25.0,23.0,1,1
5.0,12.0,0,1
67.0,53.0,3,0
4.0,40.0,1,1
20.0,3.0,1,1
12.0,28.0,3,1
60.0,24.0,1,1
31.0,15.0,2,1
21.0,14.0,2,1
58.0,13.0,0,1
63.0,64.0,1,0
26.0,34.0,5,1
20.0,18.0,1,1
63.0,68.0,2,0
14.0,14.0,1,1
56.0,80.0,0,0
2.0,2.0,2,1
70.0,66.0,0,0
49.0,1.0,0,1
19.0,38.0,0,1
55.0,31.0,1,1
27.0,24.0,0,1
78.0,2.0,1,1
59.0,3.0,1,1
37.0,21.0,2,1
33.0,33.0,1,1
55.0,32.0,0,1
58.0,32.0,0,1
7.0,22.0,0,0
29.0,31.0,1,1
76.0,76.0,1,0
8.0,20.0,0,0
22.0,50.0,4,1
32.0,35.0,1,1
56.0,72.0,1,0
79.0,72.0,0,0
56.0,77.0,0,0
12.0,29.0,1,1
6.0,10.0,1,1
41.0,8.0,0,1
1.0,43.0,0,1
59.0,54.0,2,0
45.0,28.0,1,1
71.0,52.0,0,0
49.0,20.0,0,1
89.0,67.0,1,0
52.0,14.0,3,1
2.0,18.0,1,1
59.0,19.0,1,1
71.0,57.0,1,0
22.0,25.0,0,1
2.0,35.0,0,1
73.0,60.0,0,0
4.0,14.0,1,1
0.0,33.0,1,1
27.0,28.0,1,1
74.0,11.0,0,1
22.0,3.0,0,1
21.0,34.0,1,1
6.0,22.0,0,1
57.0,28.0,0,1
78.0,2.0,1,1
45.0,49.0,2,1
62.0,57.0,4,0
14.0,15.0,1,1
26.0,39.0,2,1
3.0,27.0,0,1
5.0,25.0,1,1
23.0,19.0,2,1
25.0,14.0,0,1
31.0,27.0,0,1
51.0,72.0,0,0
65.0,52.0,1,0
32.0,47.0,0,1
71.0,11.0,0,1
16.0,20.0,0,1
45.0,12.0,0,1
31.0,29.0,1,1
77.0,43.0,0,1
3.0,32.0,3,1
34.0,32.0,1,1
18.0,36.0,1,1
45.0,45.0,3,1
111.0,54.0,1,0
68.0,12.0,0,1
109.0,16.0,1,1
22.0,22.0,1,1
59.0,93.0,0,0
29.0,20.0,1,1
0.0,0.0,1,1
0.0,0.0,2,1
16.0,0.0,0,1
8.0,1.0,2,1
11.0,0.0,1,1
81.0,92.0,3,0
30.0,0.0,3,1
0.0,0.0,1,1
0.0,0.0,0,1
0.0,0.0,3,1
0.0,0.0,1,1
0.0,0.0,0,1
0.0,0.0,1,1
0.0,0.0,1,1
89.0,53.0,8,0
0.0,0.0,2,1
53.0,55.0,5,0
60.0,100.0,5,0
0.0,0.0,1,1
0.0,0.0,1,1
0.0,0.0,0,1
0.0,0.0,4,1
0.0,0.0,1,1
0.0,0.0,3,1
51.0,22.0,0,1
96.0,98.0,4,0
46.0,42.0,0,1
34.0,13.0,1,1
54.0,60.0,2,0
2.0,34.0,1,1
11.0,49.0,0,1
50.0,17.0,1,1
0.0,0.0,2,1
0.0,0.0,1,1
32.0,0.0,1,1
46.0,0.0,3,1
49.0,0.0,1,1
38.0,0.0,4,1
23.0,0.0,1,1
48.0,0.0,1,1
47.0,0.0,4,0
0.0,0.0,1,1
67.0,101.0,4,0
0.0,0.0,1,1
58.0,105.0,3,0
0.0,0.0,1,1
0.0,0.0,0,1
73.0,64.0,3,0
0.0,0.0,1,1
0.0,0.0,0,1
101.0,68.0,4,0
0.0,0.0,1,1
0.0,0.0,1,1
0.0,0.0,1,1
0.0,0.0,1,1
48.0,16.0,0,1
99.0,86.0,6,0
57.0,96.0,3,0
20.0,29.0,1,1
24.0,47.0,1,1
0.0,13.0,2,1
94.0,62.0,4,0
0.0,4.0,1,1
59.0,58.0,4,0
0.0,42.0,1,1
0.0,2.0,1,1
1.0,17.0,1,1
1.0,0.0,2,1
23.0,0.0,3,1
56.0,0.0,2,1
16.0,0.0,1,1
27.0,0.0,0,1
59.0,0.0,1,1
54.0,83.0,3,0
20.0,0.0,5,1
0.0,0.0,1,1
85.0,106.0,5,0
8.0,0.0,1,1
49.0,50.0,3,1
0.0,0.0,1,1
0.0,0.0,1,1
97.0,97.0,4,0
14.0,8.0,2,1
28.0,18.0,1,1
5.0,44.0,1,1
56.0,46.0,1,1
42.0,32.0,1,1
67.0,90.0,3,0
26.0,2.0,2,1
25.0,44.0,1,1
17.0,55.0,2,1
3.0,42.0,3,1
46.0,54.0,0,1
5.0,71.0,1,1
4.0,55.0,3,1
15.0,49.0,1,1
48.0,59.0,0,1
26.0,57.0,1,1
43.0,48.0,0,1
49.0,74.0,1,1
41.0,65.0,1,1
47.0,67.0,1,1
51.0,58.0,2,1
44.0,52.0,0,1
35.0,45.0,0,1
27.0,66.0,1,1
29.0,61.0,1,1
51.0,57.0,7,0
28.0,50.0,0,1
36.0,50.0,2,1
37.0,21.0,1,1
10.0,6.0,1,1
50.0,58.0,1,0
21.0,34.0,1,1
58.0,77.0,1,0
19.0,5.0,1,1
27.0,3.0,1,1
59.0,57.0,1,0
56.0,53.0,1,0
28.0,18.0,1,1
53.0,73.0,1,0
15.0,45.0,1,1
56.0,65.0,2,0
9.0,7.0,0,1
16.0,48.0,2,1
98.0,79.0,1,0
28.0,4.0,2,1
48.0,9.0,2,1
21.0,40.0,3,1
39.0,25.0,2,1
20.0,42.0,2,1
42.0,3.0,1,1
7.0,5.0,1,1
48.0,42.0,6,1
58.0,54.0,6,0
18.0,3.0,4,1
57.0,50.0,1,1
65.0,10.0,1,1
66.0,3.0,1,1
69.0,22.0,2,1
63.0,21.0,1,1
63.0,34.0,0,1
76.0,58.0,2,0
4.0,49.0,2,1
21.0,50.0,3,1
58.0,30.0,3,1
67.0,16.0,3,1
56.0,59.0,1,0
72.0,18.0,1,1
56.0,55.0,2,0
63.0,41.0,2,1
67.0,56.0,1,0
42.0,22.0,1,1
50.0,22.0,5,1
53.0,47.0,1,1
56.0,13.0,4,1
74.0,46.0,2,1
66.0,2.0,1,1
76.0,20.0,8,0
76.0,52.0,8,0
48.0,6.0,4,1
80.0,32.0,0,1
59.0,18.0,1,1
50.0,28.0,3,1
66.0,25.0,2,1
58.0,55.0,4,0
45.0,48.0,0,1
60.0,12.0,1,1
76.0,35.0,1,1
71.0,42.0,1,1
79.0,28.0,1,1
48.0,46.0,0,1
52.0,54.0,2,0
69.0,44.0,1,1
56.0,20.0,1,1
63.0,8.0,0,1
0.0,15.0,1,1
42.0,16.0,1,1
51.0,49.0,1,1
58.0,33.0,1,1
0.0,0.0,1,1
66.0,49.0,2,1
1.0,18.0,1,1
59.0,59.0,1,0
0.0,36.0,0,1
0.0,0.0,2,1
0.0,17.0,1,1
0.0,0.0,1,1
4.0,33.0,2,1
0.0,0.0,2,1
0.0,39.0,2,1
0.0,0.0,0,1
0.0,0.0,2,1
0.0,0.0,1,1
8.0,0.0,0,1
45.0,0.0,0,1
3.0,0.0,1,1
24.0,0.0,1,1
0.0,0.0,1,1
0.0,0.0,1,1
0.0,0.0,1,1
0.0,0.0,2,1
0.0,0.0,2,1
0.0,0.0,1,1
9.0,31.0,1,1
0.0,0.0,4,1
40.0,38.0,1,1
0.0,0.0,1,1
0.0,0.0,1,1
13.0,30.0,1,1
19.0,35.0,3,1
0.0,0.0,3,1
40.0,0.0,1,1
0.0,0.0,1,1
10.0,0.0,2,1
0.0,0.0,2,1
0.0,0.0,1,1
0.0,0.0,2,1
0.0,0.0,2,1
0.0,0.0,1,1
0.0,0.0,0,1
0.0,0.0,2,1
0.0,0.0,1,1
0.0,0.0,1,1
1.0,0.0,2,1
0.0,0.0,1,1
0.0,0.0,1,1
0.0,0.0,2,1
0.0,0.0,1,1
0.0,0.0,2,1
0.0,0.0,0,1
0.0,0.0,2,1
0.0,0.0,1,1
0.0,0.0,0,1
39.0,10.0,0,1
10.0,13.0,1,1
32.0,16.0,0,1
0.0,0.0,0,1
14.0,42.0,4,1
0.0,0.0,0,1
0.0,0.0,4,1
0.0,0.0,0,1
41.0,33.0,4,1
1.0,42.0,1,1
10.0,35.0,0,1
19.0,9.0,1,1
33.0,45.0,5,1
16.0,32.0,4,1
3.0,18.0,0,1
32.0,15.0,1,1
0.0,0.0,1,1
19.0,22.0,1,1
0.0,0.0,0,1
10.0,14.0,1,1
0.0,0.0,1,1
0.0,0.0,1,1
2.0,38.0,2,1
37.0,18.0,2,1
0.0,0.0,0,1
8.0,2.0,1,1
0.0,0.0,0,1
32.0,4.0,1,1
46.0,5.0,2,1
3.0,1.0,4,1
4.0,23.0,1,1
13.0,12.0,1,1
44.0,40.0,0,1
69.0,25.0,1,1
0.0,29.0,1,1
7.0,33.0,1,1
0.0,0.0,2,1
0.0,0.0,2,1
0.0,0.0,2,1
0.0,0.0,2,1
14.0,50.0,1,1
0.0,0.0,2,1
0.0,0.0,2,1
0.0,0.0,2,1
41.0,3.0,0,1
0.0,0.0,2,1
6.0,2.0,2,1
20.0,3.0,1,1
0.0,0.0,0,1
0.0,0.0,1,1
0.0,0.0,0,1
0.0,0.0,2,1
0.0,0.0,1,1
36.0,0.0,1,1
0.0,0.0,2,1
16.0,0.0,0,1
0.0,0.0,1,1
0.0,0.0,1,1
25.0,0.0,4,1
4.0,0.0,1,1
0.0,0.0,2,1
47.0,0.0,0,1
0.0,0.0,0,1
0.0,0.0,1,1
0.0,0.0,2,1
0.0,0.0,0,1
0.0,16.0,1,1
0.0,0.0,0,1
0.0,29.0,1,1
0.0,4.0,1,1
0.0,47.0,1,1
0.0,0.0,2,1
0.0,27.0,1,1
0.0,0.0,1,1
0.0,0.0,1,1
42.0,20.0,2,1
0.0,0.0,0,1
0.0,0.0,4,1
0.0,0.0,5,1
15.0,41.0,2,1
0.0,0.0,1,1
0.0,0.0,3,1
0.0,0.0,1,1
23.0,22.0,1,1
26.0,3.0,2,1
0.0,0.0,3,1
0.0,0.0,0,1
0.0,0.0,1,1
15.0,37.0,2,1
7.0,3.0,1,1
36.0,6.0,1,1
41.0,15.0,1,1
0.0,21.0,1,1
0.0,0.0,0,1
0.0,0.0,4,1
0.0,8.0,0,1
34.0,0.0,1,1
44.0,32.0,2,1
0.0,30.0,1,1
0.0,25.0,0,1
31.0,34.0,1,1
0.0,50.0,1,1
6.0,43.0,1,1
27.0,15.0,1,1
0.0,44.0,1,1
1.0,0.0,4,1
28.0,0.0,1,1
0.0,0.0,1,1
20.0,0.0,3,1
37.0,10.0,3,1
46.0,0.0,1,1
32.0,0.0,1,1
0.0,0.0,1,1
0.0,0.0,0,1
0.0,0.0,2,1
0.0,0.0,0,1
0.0,41.0,1,1
0.0,4.0,1,1
10.0,0.0,1,1
49.0,0.0,6,1
0.0,21.0,2,1
0.0,6.0,0,1
0.0,47.0,1,1
0.0,0.0,1,1
23.0,0.0,1,1
9.0,0.0,1,1
19.0,0.0,1,1
46.0,0.0,1,1
13.0,7.0,1,1
66.0,39.0,1,1
32.0,26.0,2,1
6.0,28.0,1,1
64.0,45.0,1,1
2.0,58.0,0,1
32.0,0.0,1,1
44.0,24.0,2,1
74.0,5.0,1,1
37.0,48.0,1,1
63.0,39.0,1,1
33.0,16.0,1,1
10.0,20.0,1,1
2.0,24.0,1,1
74.0,31.0,2,1
21.0,67.0,0,1
32.0,12.0,1,1
4.0,71.0,2,1
50.0,1.0,1,1
30.0,20.0,1,1
3.0,12.0,1,1
29.0,26.0,1,1
27.0,35.0,2,1
43.0,23.0,0,1
6.0,38.0,1,1
65.0,52.0,1,1
64.0,2.0,2,1
62.0,0.0,1,1
0.0,0.0,1,1
0.0,0.0,1,1
67.0,15.0,1,1
70.0,32.0,1,1
0.0,5.0,1,1
0.0,26.0,1,1
0.0,12.0,1,1
25.0,41.0,1,1
3.0,4.0,2,1
35.0,0.0,2,1
0.0,0.0,0,1
0.0,0.0,1,1
28.0,0.0,1,1
0.0,0.0,1,1
34.0,0.0,2,1
0.0,0.0,2,1
11.0,12.0,1,1
24.0,31.0,1,1
23.0,28.0,0,1
26.0,14.0,2,1
4.0,39.0,3,1
42.0,8.0,2,1
0.0,0.0,1,1
0.0,0.0,1,1
0.0,0.0,1,1
43.0,49.0,1,1
32.0,17.0,1,1
0.0,0.0,0,1
0.0,0.0,1,1
0.0,0.0,0,1
0.0,0.0,2,1
0.0,0.0,1,1
0.0,0.0,1,1
0.0,0.0,1,1
1.0,0.0,1,1
50.0,12.0,1,1
0.0,0.0,1,1
7.0,24.0,0,1
1.0,43.0,1,1
67.0,40.0,0,1
22.0,19.0,2,1
10.0,21.0,1,1
0.0,0.0,3,1
0.0,0.0,2,1
0.0,0.0,0,1
0.0,0.0,0,1
0.0,11.0,1,1
0.0,28.0,1,1
0.0,8.0,1,1
0.0,9.0,2,1
27.0,0.0,2,1
32.0,0.0,1,1
0.0,0.0,2,1
21.0,0.0,3,1
29.0,0.0,2,1
22.0,0.0,3,1
0.0,0.0,1,1
47.0,0.0,1,1
2.0,0.0,1,1
10.0,0.0,1,1
42.0,0.0,2,1
92.0,91.0,8,0
0.0,0.0,1,1
0.0,0.0,2,1
0.0,0.0,1,1
0.0,0.0,3,1
78.0,77.0,8,0
0.0,0.0,3,1
65.0,88.0,1,0
82.0,75.0,9,0
61.0,92.0,9,0
84.0,89.0,3,0
79.0,71.0,8,0
0.0,0.0,1,1
0.0,0.0,1,1
100.0,66.0,1,0
0.0,0.0,0,1
84.0,73.0,4,0
0.0,0.0,0,1
29.0,25.0,5,0
88.0,65.0,10,0
26.0,32.0,4,0
96.0,60.0,5,0
80.0,88.0,4,0
28.0,29.0,1,1
47.0,30.0,0,1
12.0,19.0,1,1
18.0,35.0,9,0
16.0,24.0,2,1
19.0,12.0,0,1
40.0,4.0,3,1
12.0,0.0,0,1
71.0,8.0,1,1
26.0,9.0,1,1
22.0,24.0,1,1
50.0,63.0,1,0
57.0,16.0,0,1
55.0,77.0,2,0
42.0,4.0,1,1
62.0,36.0,1,1
0.0,40.0,0,1
18.0,16.0,3,1
29.0,22.0,2,1
75.0,23.0,1,1
31.0,12.0,1,1
52.0,32.0,1,1
69.0,13.0,1,1
27.0,37.0,1,1
13.0,49.0,0,1
35.0,48.0,1,1
58.0,46.0,1,1
68.0,36.0,0,1
40.0,49.0,0,1
28.0,3.0,0,1
75.0,75.0,2,0
21.0,13.0,2,1
43.0,34.0,2,1
14.0,3.0,2,1
59.0,79.0,2,0
18.0,8.0,1,1
5.0,3.0,0,1
67.0,6.0,0,1
9.0,22.0,0,1
31.0,18.0,1,1
57.0,53.0,0,0
6.0,0.0,0,1
41.0,26.0,0,1
67.0,5.0,1,1
23.0,47.0,0,1
67.0,32.0,1,1
42.0,2.0,1,1
47.0,26.0,2,1
53.0,20.0,0,1
65.0,26.0,1,1
70.0,70.0,0,0
2.0,33.0,0,1
13.0,13.0,0,1
7.0,31.0,4,1
74.0,41.0,4,1
58.0,24.0,1,1
54.0,73.0,1,0
32.0,13.0,4,1
60.0,11.0,0,1
67.0,73.0,2,0
56.0,16.0,2,1
61.0,77.0,1,0
73.0,34.0,2,1
4.0,28.0,2,1
58.0,67.0,0,0
0.0,45.0,2,1
39.0,33.0,0,1
78.0,119.0,1,0
37.0,32.0,1,1
26.0,14.0,2,1
75.0,54.0,2,0
52.0,61.0,2,0
78.0,55.0,2,0
55.0,22.0,1,1
22.0,31.0,1,1
24.0,25.0,0,1
40.0,32.0,0,1
12.0,32.0,0,1
40.0,14.0,2,1
25.0,36.0,0,1
77.0,46.0,1,1
80.0,21.0,2,1
42.0,31.0,0,1
80.0,11.0,0,1
56.0,64.0,0,0
78.0,20.0,0,1
31.0,28.0,1,1
41.0,25.0,2,1
44.0,26.0,2,0
32.0,18.0,0,1
27.0,16.0,0,1
25.0,36.0,1,1
12.0,5.0,0,1
4.0,0.0,0,1
23.0,42.0,1,1
58.0,41.0,0,1
20.0,43.0,0,1
11.0,25.0,1,1
1.0,39.0,1,1
36.0,34.0,1,1
57.0,24.0,3,1
39.0,50.0,0,1
24.0,38.0,0,1
22.0,31.0,0,1
86.0,28.0,0,1
20.0,32.0,2,1
138.0,74.0,0,0
6.0,21.0,0,1
76.0,33.0,1,1
0.0,0.0,1,1
28.0,39.0,5,1
31.0,0.0,1,1
103.0,86.0,1,0
22.0,0.0,1,1
40.0,0.0,1,1
0.0,0.0,0,1
24.0,37.0,0,1
84.0,71.0,1,0
0.0,0.0,1,1
0.0,0.0,1,1
0.0,0.0,1,1
0.0,0.0,1,1
81.0,75.0,4,0
49.0,0.0,1,1
0.0,0.0,1,1
0.0,0.0,1,1
0.0,0.0,1,1
107.0,103.0,8,0
0.0,0.0,1,1
0.0,0.0,1,1
0.0,0.0,1,1
64.0,54.0,3,0
0.0,0.0,1,1
104.0,94.0,9,0
0.0,0.0,2,1
76.0,87.0,1,0
43.0,16.0,2,1
0.0,0.0,1,1
0.0,0.0,0,1
22.0,3.0,1,1
78.0,108.0,1,0
38.0,23.0,2,1
29.0,35.0,1,1
54.0,36.0,1,1
24.0,0.0,1,1
0.0,0.0,1,1
57.0,0.0,10,1
12.0,0.0,1,1
30.0,0.0,0,1
0.0,0.0,2,1
0.0,0.0,1,1
11.0,0.0,1,1
9.0,0.0,1,1
63.0,81.0,9,0
0.0,0.0,2,1
0.0,0.0,1,1
0.0,0.0,0,1
0.0,0.0,3,1
0.0,0.0,1,1
0.0,0.0,2,1
0.0,0.0,1,1
0.0,0.0,1,1
62.0,75.0,8,0
0.0,0.0,3,1
0.0,0.0,1,1
25.0,35.0,0,1
0.0,0.0,1,1
23.0,25.0,2,1
22.0,21.0,1,1
59.0,0.0,2,1
0.0,3.0,1,1
0.0,0.0,1,1
8.0,5.0,0,1
0.0,46.0,0,1
0.0,0.0,0,1
0.0,0.0,5,1
0.0,0.0,0,1
0.0,0.0,1,1
76.0,106.0,4,0
65.0,55.0,5,0
47.0,40.0,1,1
55.0,10.0,1,1
16.0,37.0,1,1
5.0,23.0,0,1
18.0,39.0,1,1
37.0,29.0,0,1
15.0,32.0,2,1
4.0,17.0,3,1
21.0,36.0,2,1
64.0,68.0,8,0
17.0,35.0,3,1
81.0,52.0,7,0
0.0,0.0,2,1
0.0,0.0,2,1
98.0,70.0,4,0
87.0,104.0,5,0
0.0,0.0,1,1
77.0,107.0,10,0
60.0,14.0,2,1
55.0,1.0,0,1
8.0,11.0,1,1
53.0,10.0,2,1
57.0,36.0,0,1
37.0,6.0,2,1
44.0,5.0,1,1
51.0,39.0,0,1
50.0,43.0,3,1
1.0,58.0,2,1
13.0,78.0,1,1
57.0,63.0,1,1
30.0,45.0,1,1
40.0,58.0,1,1
52.0,43.0,1,1
13.0,72.0,0,1
16.0,57.0,1,1
13.0,76.0,0,1
52.0,43.0,2,1
18.0,50.0,1,1
27.0,76.0,1,1
3.0,80.0,1,1
11.0,53.0,0,1
12.0,15.0,2,1
22.0,7.0,1,1
11.0,6.0,2,1
38.0,5.0,1,1
24.0,3.0,1,1
52.0,61.0,1,0
5.0,1.0,1,1
26.0,2.0,1,1
24.0,41.0,1,1
25.0,50.0,1,1
23.0,23.0,1,1
56.0,68.0,1,0
10.0,4.0,1,1
56.0,66.0,2,0
55.0,76.0,1,0
39.0,50.0,1,1
51.0,52.0,11,0
56.0,44.0,2,1
35.0,7.0,1,1
12.0,34.0,1,1
14.0,12.0,1,1
31.0,42.0,1,1
3.0,43.0,1,1
42.0,15.0,4,1
42.0,8.0,1,1
13.0,7.0,0,1
40.0,48.0,2,1
77.0,57.0,4,0
77.0,3.0,1,1
48.0,40.0,3,1
49.0,45.0,2,1
71.0,1.0,1,1
18.0,49.0,2,1
74.0,50.0,1,1
58.0,21.0,1,1
77.0,60.0,1,0
41.0,4.0,1,1
49.0,17.0,1,1
37.0,19.0,2,1
50.0,6.0,1,1
64.0,56.0,0,0
78.0,13.0,3,1
52.0,56.0,1,0
67.0,33.0,1,1
49.0,23.0,1,1
45.0,2.0,2,1
57.0,11.0,2,1
76.0,42.0,0,1
67.0,2.0,1,1
51.0,7.0,1,1
48.0,39.0,2,1
32.0,47.0,2,1
74.0,1.0,2,1
15.0,22.0,0,1
73.0,9.0,0,1
80.0,36.0,2,1
42.0,23.0,0,1
64.0,39.0,1,1
41.0,32.0,1,1
41.0,12.0,4,1
52.0,8.0,0,1
49.0,14.0,1,1
0.0,6.0,2,1
0.0,0.0,2,1
40.0,18.0,1,1
0.0,0.0,2,1
0.0,12.0,2,1
48.0,45.0,1,1
0.0,29.0,2,1
70.0,39.0,2,1
0.0,31.0,2,1
0.0,7.0,2,1
69.0,10.0,1,1
54.0,28.0,1,1
0.0,22.0,2,1
0.0,0.0,1,1
57.0,52.0,5,0
76.0,60.0,2,1
34.0,0.0,1,1
43.0,0.0,4,1
44.0,0.0,1,1
0.0,0.0,1,1
22.0,0.0,1,1
0.0,0.0,0,1
22.0,39.0,1,1
0.0,0.0,1,1
0.0,0.0,1,1
0.0,0.0,1,1
0.0,34.0,3,1
2.0,40.0,1,1
33.0,27.0,1,1
0.0,0.0,0,1
17.0,41.0,1,1
0.0,0.0,1,1
0.0,0.0,1,1
1.0,1.0,0,1
0.0,0.0,1,1
0.0,0.0,1,1
0.0,0.0,2,1
38.0,0.0,1,1
45.0,0.0,1,1
31.0,0.0,2,1
0.0,0.0,3,1
0.0,0.0,3,1
0.0,0.0,0,1
0.0,0.0,4,1
21.0,0.0,1,1
4.0,0.0,2,1
1.0,0.0,1,1
0.0,0.0,1,1
0.0,0.0,4,1
0.0,0.0,1,1
0.0,0.0,0,1
0.0,0.0,1,1
0.0,0.0,2,1
0.0,0.0,9,1
0.0,0.0,0,1
0.0,0.0,1,1
0.0,0.0,1,1
0.0,0.0,2,1
0.0,0.0,0,1
0.0,0.0,0,1
0.0,0.0,1,1
36.0,36.0,2,1
15.0,31.0,11,1
45.0,14.0,1,1
0.0,0.0,1,1
38.0,8.0,0,1
0.0,0.0,2,1
0.0,0.0,1,1
0.0,0.0,1,1
0.0,0.0,1,1
0.0,0.0,1,1
27.0,7.0,1,1
8.0,16.0,1,1
40.0,37.0,1,1
9.0,19.0,1,1
38.0,2.0,1,1
40.0,48.0,0,1
28.0,5.0,1,1
42.0,23.0,5,1
0.0,0.0,1,1
0.0,0.0,1,1
0.0,0.0,1,1
56.0,53.0,4,0
0.0,0.0,1,1
24.0,21.0,1,1
29.0,0.0,1,1
10.0,23.0,2,1
10.0,14.0,1,1
60.0,57.0,1,0
43.0,36.0,2,1
38.0,3.0,1,1
62.0,49.0,0,1
66.0,25.0,8,1
0.0,0.0,2,1
9.0,33.0,2,1
0.0,0.0,0,1
8.0,12.0,2,1
0.0,0.0,0,1
0.0,0.0,1,1
0.0,0.0,7,1
0.0,0.0,3,1
0.0,0.0,1,1
0.0,0.0,1,1
0.0,0.0,1,1
1.0,0.0,1,1
0.0,0.0,0,1
0.0,0.0,0,1
0.0,0.0,3,1
0.0,0.0,1,1
0.0,0.0,0,1
0.0,0.0,1,1
46.0,0.0,1,1
35.0,0.0,0,1
0.0,0.0,2,1
0.0,0.0,1,1
43.0,0.0,1,1
0.0,0.0,2,1
0.0,1.0,0,1
0.0,0.0,1,1
0.0,0.0,1,1
0.0,0.0,1,1
0.0,0.0,1,1
0.0,0.0,1,1
0.0,33.0,0,1
46.0,46.0,1,1
0.0,49.0,1,1
0.0,20.0,0,1
39.0,25.0,0,1
0.0,0.0,0,1
1.0,48.0,1,1
0.0,7.0,1,1
30.0,40.0,0,1
0.0,0.0,2,1
2.0,0.0,2,1
0.0,0.0,1,1
11.0,12.0,0,1
14.0,38.0,2,1
48.0,41.0,7,1
34.0,8.0,0,1
0.0,0.0,1,1
94.0,100.0,4,0
0.0,0.0,3,1
0.0,0.0,1,1
30.0,0.0,1,1
0.0,0.0,1,1
46.0,0.0,2,1
15.0,46.0,0,1
29.0,30.0,1,1
31.0,0.0,3,1
0.0,0.0,1,1
0.0,0.0,1,1
39.0,0.0,1,1
0.0,0.0,1,1
0.0,0.0,0,1
0.0,0.0,2,1
1.0,0.0,1,1
0.0,0.0,1,1
41.0,0.0,0,1
0.0,0.0,1,1
0.0,32.0,1,1
0.0,0.0,1,1
0.0,0.0,2,1
0.0,5.0,2,1
0.0,0.0,1,1
0.0,0.0,1,1
0.0,37.0,0,1
0.0,36.0,1,1
0.0,27.0,2,1
21.0,0.0,0,1
41.0,0.0,1,1
42.0,0.0,0,1
1.0,0.0,3,1
48.0,46.0,1,1
39.0,21.0,0,1
30.0,12.0,0,1
24.0,48.0,0,1
2.0,35.0,1,1
9.0,41.0,1,1
54.0,15.0,2,1
24.0,8.0,1,1
73.0,15.0,2,1
30.0,11.0,2,1
73.0,9.0,1,1
42.0,37.0,1,1
52.0,35.0,1,1
18.0,33.0,1,1
50.0,9.0,2,1
5.0,2.0,2,1
68.0,71.0,1,1
25.0,22.0,1,1
68.0,33.0,1,1
24.0,20.0,1,1
55.0,46.0,2,1
31.0,31.0,4,0
13.0,48.0,4,1
0.0,9.0,1,1
19.0,6.0,1,1
0.0,49.0,0,1
0.0,0.0,1,1
0.0,17.0,2,1
0.0,0.0,1,1
48.0,41.0,2,1
37.0,11.0,1,1
13.0,1.0,1,1
41.0,48.0,4,1
13.0,50.0,2,1
41.0,45.0,0,1
15.0,49.0,1,1
35.0,25.0,4,1
15.0,14.0,1,1
9.0,32.0,1,1
17.0,21.0,4,1
20.0,9.0,2,1
40.0,36.0,0,1
26.0,33.0,2,1
47.0,43.0,4,1
14.0,26.0,2,1
0.0,0.0,1,1
0.0,0.0,1,1
0.0,0.0,0,1
1.0,0.0,7,1
48.0,29.0,1,1
75.0,98.0,10,0
0.0,0.0,1,1
0.0,0.0,1,1
0.0,1.0,1,1
0.0,0.0,2,1
0.0,0.0,1,1
0.0,0.0,1,1
21.0,18.0,1,1
24.0,13.0,3,1
0.0,0.0,3,1
55.0,36.0,1,1
47.0,23.0,4,1
62.0,4.0,0,1
0.0,0.0,0,1
0.0,0.0,1,1
41.0,18.0,0,1
0.0,0.0,0,1
0.0,0.0,0,1
3.0,0.0,1,1
0.0,0.0,2,1
0.0,0.0,3,1
0.0,0.0,1,1
0.0,37.0,1,1
0.0,0.0,0,1
0.0,0.0,1,1
0.0,23.0,1,1
0.0,47.0,1,1
0.0,44.0,1,1
35.0,0.0,1,1
1.0,0.0,1,1
0.0,0.0,1,1
0.0,0.0,0,1
0.0,0.0,1,1
0.0,0.0,0,1
0.0,0.0,1,1
0.0,0.0,2,1
0.0,0.0,0,1
0.0,0.0,1,1
65.0,71.0,3,0
83.0,70.0,4,0
0.0,0.0,1,1
88.0,80.0,8,0
2.0,1.0,1,1
98.0,74.0,9,0
48.0,22.0,0,1
92.0,61.0,8,0
27.0,3.0,0,1
5.0,6.0,1,1
79.0,87.0,3,0
31.0,42.0,1,1
15.0,37.0,1,1
43.0,3.0,2,1
27.0,18.0,0,1
72.0,80.0,5,0
34.0,45.0,2,1
31.0,44.0,1,1
29.0,28.0,2,1
44.0,43.0,5,1
6.0,2.0,2,1
76.0,46.0,1,1
26.0,11.0,1,1
39.0,20.0,1,1
51.0,79.0,0,0
38.0,2.0,2,1
3.0,8.0,4,1
52.0,45.0,1,1
10.0,2.0,0,1
8.0,0.0,1,1
47.0,8.0,1,1
24.0,50.0,0,1
32.0,33.0,0,1
59.0,1.0,1,1
26.0,12.0,1,1
42.0,3.0,1,1
9.0,41.0,2,1
41.0,9.0,0,1
69.0,9.0,2,1
79.0,21.0,1,1
54.0,18.0,0,1
33.0,2.0,0,1
75.0,61.0,2,0
11.0,3.0,1,1
34.0,3.0,2,1
67.0,75.0,2,0
49.0,36.0,0,1
67.0,51.0,2,0
37.0,11.0,2,1
56.0,68.0,0,0
65.0,6.0,1,1
21.0,5.0,1,1
1.0,1.0,1,1
4.0,27.0,0,1
23.0,5.0,1,1
50.0,0.0,2,1
20.0,33.0,1,1
28.0,20.0,0,1
37.0,25.0,2,1
14.0,30.0,0,1
25.0,22.0,1,1
37.0,34.0,1,1
58.0,69.0,1,0
58.0,5.0,1,1
72.0,5.0,1,1
27.0,32.0,0,1
58.0,61.0,1,0
31.0,35.0,6,1
76.0,30.0,0,1
78.0,79.0,0,0
15.0,21.0,1,1
26.0,26.0,1,1
12.0,33.0,0,1
69.0,98.0,0,0
75.0,84.0,0,0
46.0,13.0,2,1
39.0,14.0,2,1
3.0,33.0,1,1
64.0,60.0,1,0
12.0,28.0,2,1
44.0,37.0,0,1
72.0,95.0,1,0
60.0,10.0,0,1
15.0,34.0,0,1
3.0,35.0,0,1
71.0,82.0,0,0
31.0,41.0,1,1
37.0,29.0,1,1
39.0,30.0,0,1
47.0,58.0,1,1
77.0,20.0,0,1
67.0,118.0,2,0
20.0,22.0,1,1
70.0,75.0,1,0
2.0,41.0,0,1
80.0,65.0,1,0
32.0,45.0,1,1
41.0,35.0,1,1
19.0,43.0,0,1
58.0,39.0,0,1
18.0,31.0,1,1
110.0,12.0,1,1
66.0,63.0,3,0
116.0,15.0,0,1
28.0,21.0,0,1
58.0,88.0,0,0
17.0,34.0,1,1
40.0,33.0,0,1
117.0,6.0,1,1
49.0,20.0,0,1
19.0,33.0,1,1
79.0,87.0,0,0
37.0,24.0,3,1
19.0,0.0,1,1
6.0,25.0,0,1
0.0,0.0,2,1
22.0,22.0,1,1
20.0,0.0,0,1
12.0,26.0,3,1
39.0,0.0,3,1
4.0,0.0,3,1
48.0,0.0,1,1
0.0,0.0,0,1
100.0,79.0,3,0
0.0,0.0,1,1
0.0,0.0,1,1
0.0,0.0,1,1
0.0,0.0,1,1
105.0,99.0,3,0
0.0,0.0,1,1
0.0,0.0,0,1
0.0,0.0,1,1
0.0,0.0,1,1
0.0,1.0,0,1
9.0,2.0,0,1
25.0,11.0,1,1
0.0,0.0,0,1
98.0,61.0,1,0
59.0,72.0,1,0
0.0,0.0,1,1
14.0,10.0,1,1
55.0,11.0,0,1
27.0,5.0,2,1
31.0,0.0,1,1
9.0,48.0,1,1
0.0,0.0,0,1
40.0,6.0,2,1
0.0,0.0,1,1
33.0,0.0,1,1
5.0,0.0,1,1
0.0,0.0,2,1
8.0,0.0,1,1
95.0,70.0,1,0
25.0,0.0,1,1
0.0,0.0,1,1
0.0,0.0,3,1
53.0,107.0,7,0
5.0,0.0,1,1
85.0,109.0,1,0
76.0,90.0,5,0
0.0,0.0,1,1
0.0,0.0,1,1
0.0,0.0,1,1
0.0,0.0,1,1
0.0,0.0,3,1
90.0,52.0,7,0
45.0,20.0,2,1
0.0,10.0,1,1
11.0,34.0,1,1
16.0,2.0,8,1
89.0,108.0,3,0
0.0,0.0,1,1
0.0,45.0,2,1
0.0,16.0,1,1
0.0,43.0,1,1
0.0,21.0,1,1
97.0,50.0,4,0
0.0,38.0,0,1
0.0,29.0,1,1
70.0,98.0,7,0
99.0,89.0,4,0
19.0,0.0,0,1
29.0,0.0,1,1
24.0,0.0,1,1
80.0,70.0,5,0
91.0,73.0,4,0
66.0,65.0,10,0
59.0,64.0,3,0
72.0,99.0,10,0
12.0,12.0,2,1
0.0,0.0,1,1
26.0,30.0,1,1
74.0,101.0,1,0
0.0,21.0,0,1
3.0,24.0,1,1
78.0,68.0,6,0
0.0,0.0,1,1
93.0,61.0,4,0
82.0,83.0,7,0
91.0,67.0,9,0
54.0,12.0,1,1
15.0,30.0,0,1
22.0,10.0,0,1
30.0,41.0,4,1
42.0,74.0,1,1
35.0,40.0,1,1
24.0,71.0,1,1
9.0,76.0,3,1
17.0,59.0,1,1
32.0,70.0,1,1
26.0,49.0,1,1
22.0,52.0,1,1
22.0,60.0,2,1
10.0,75.0,0,1
21.0,77.0,1,1
46.0,69.0,0,1
8.0,68.0,2,1
21.0,63.0,1,1
59.0,77.0,1,0
3.0,12.0,0,1
35.0,16.0,0,1
33.0,40.0,3,1
87.0,61.0,1,0
36.0,34.0,1,1
27.0,32.0,1,1
18.0,13.0,1,1
50.0,60.0,1,0
20.0,5.0,1,1
22.0,32.0,0,1
75.0,59.0,1,0
33.0,5.0,3,1
51.0,78.0,1,0
31.0,1.0,1,1
60.0,49.0,2,1
36.0,5.0,1,1
5.0,49.0,1,1
59.0,78.0,0,0
54.0,48.0,1,1
55.0,77.0,0,0
56.0,79.0,3,0
59.0,52.0,1,0
43.0,38.0,4,1
16.0,4.0,1,1
79.0,35.0,2,1
0.0,48.0,0,1
54.0,39.0,1,1
40.0,37.0,1,1
53.0,46.0,0,1
49.0,36.0,1,1
57.0,55.0,2,0
70.0,47.0,1,1
51.0,26.0,0,1
47.0,23.0,1,1
69.0,24.0,2,1
59.0,22.0,1,1
57.0,46.0,2,1
78.0,9.0,1,1
44.0,29.0,3,1
55.0,4.0,1,1
61.0,3.0,0,1
80.0,18.0,3,1
59.0,24.0,0,1
43.0,3.0,1,1
14.0,23.0,1,1
32.0,26.0,2,1
42.0,5.0,2,1
56.0,54.0,1,0
16.0,50.0,6,1
30.0,35.0,2,1
21.0,3.0,4,1
26.0,47.0,4,1
31.0,15.0,1,1
72.0,48.0,1,1
65.0,41.0,1,1
72.0,23.0,0,1
78.0,33.0,0,1
78.0,11.0,1,1
57.0,53.0,1,0
73.0,49.0,1,1
42.0,28.0,0,1
54.0,36.0,2,1
66.0,21.0,2,1
60.0,54.0,1,0
63.0,17.0,0,1
68.0,55.0,1,0
72.0,36.0,0,1
53.0,43.0,0,1
66.0,51.0,0,0
46.0,28.0,1,1
50.0,39.0,0,1
68.0,39.0,0,1
49.0,23.0,1,1
45.0,15.0,1,0
76.0,3.0,2,1
65.0,51.0,1,0
53.0,32.0,0,1
66.0,31.0,3,1
53.0,37.0,1,1
24.0,15.0,1,1
31.0,50.0,1,0
0.0,20.0,2,1
15.0,7.0,5,0
54.0,19.0,0,1
0.0,8.0,1,1
0.0,45.0,1,1
0.0,10.0,1,1
0.0,0.0,1,1
0.0,0.0,3,1
0.0,0.0,2,1
0.0,0.0,2,1
0.0,0.0,2,1
0.0,0.0,0,1
0.0,0.0,1,1
40.0,0.0,2,1
31.0,0.0,2,1
4.0,0.0,2,1
1.0,1.0,0,1
0.0,0.0,0,1
0.0,0.0,2,1
0.0,0.0,1,1
0.0,0.0,1,1
42.0,3.0,1,1
37.0,25.0,1,1
12.0,26.0,1,1
0.0,0.0,2,1
32.0,22.0,4,1
0.0,0.0,0,1
0.0,0.0,1,1
41.0,0.0,1,1
35.0,0.0,4,1
0.0,0.0,0,1
27.0,0.0,1,1
0.0,0.0,1,1
0.0,0.0,1,1
0.0,0.0,0,1
0.0,0.0,3,1
0.0,0.0,2,1
0.0,0.0,1,1
0.0,0.0,2,1
0.0,0.0,1,1
0.0,0.0,2,1
0.0,0.0,2,1
0.0,0.0,0,1
0.0,0.0,1,1
0.0,0.0,1,1
0.0,0.0,0,1
0.0,0.0,2,1
24.0,37.0,3,1
33.0,40.0,3,1
13.0,0.0,1,1
36.0,36.0,2,1
0.0,0.0,1,1
0.0,0.0,1,1
12.0,37.0,2,1
97.0,90.0,0,0
0.0,0.0,1,1
0.0,0.0,7,1
23.0,3.0,1,1
8.0,30.0,0,1
43.0,30.0,1,1
45.0,24.0,6,1
40.0,12.0,1,1
4.0,2.0,1,1
22.0,19.0,1,1
30.0,7.0,2,1
4.0,25.0,0,1
44.0,9.0,1,1
0.0,0.0,0,1
0.0,0.0,3,1
0.0,0.0,0,1
38.0,25.0,1,1
8.0,17.0,1,1
0.0,0.0,1,1
0.0,0.0,1,1
0.0,0.0,3,1
16.0,8.0,2,1
0.0,0.0,1,1
59.0,59.0,3,0
53.0,48.0,1,1
0.0,3.0,0,1
41.0,16.0,3,1
68.0,6.0,5,1
20.0,22.0,1,1
34.0,18.0,1,1
17.0,16.0,2,1
70.0,56.0,2,0
0.0,0.0,4,1
39.0,27.0,1,1
26.0,15.0,1,1
63.0,66.0,3,0
59.0,59.0,1,0
0.0,0.0,1,1
65.0,51.0,1,0
0.0,0.0,2,1
0.0,0.0,1,1
0.0,0.0,1,1
0.0,0.0,1,1
2.0,0.0,10,1
0.0,0.0,2,1
0.0,0.0,4,1
0.0,0.0,1,1
0.0,0.0,2,1
0.0,0.0,2,1
0.0,0.0,1,1
0.0,0.0,0,1
0.0,0.0,0,1
0.0,0.0,1,1
17.0,0.0,1,1
0.0,0.0,1,1
0.0,0.0,1,1
23.0,0.0,2,1
15.0,0.0,1,1
37.0,0.0,0,1
34.0,0.0,2,1
39.0,0.0,1,1
0.0,0.0,1,1
0.0,0.0,0,1
0.0,0.0,1,1
0.0,0.0,1,1
1.0,1.0,1,1
0.0,0.0,1,1
0.0,22.0,2,1
0.0,0.0,1,1
0.0,8.0,1,1
0.0,15.0,2,1
0.0,11.0,1,1
0.0,35.0,1,1
16.0,29.0,0,1
0.0,44.0,3,1
0.0,0.0,1,1
7.0,37.0,2,1
28.0,2.0,0,1
32.0,31.0,1,1
41.0,48.0,2,1
0.0,0.0,3,1
0.0,4.0,4,1
1.0,2.0,4,1
0.0,0.0,1,1
6.0,29.0,0,1
0.0,0.0,1,1
12.0,11.0,1,1
0.0,0.0,1,1
0.0,0.0,3,1
0.0,0.0,1,1
2.0,0.0,10,1
0.0,2.0,1,1
0.0,0.0,1,1
0.0,0.0,1,1
23.0,13.0,3,1
0.0,24.0,1,1
31.0,32.0,3,1
41.0,0.0,1,1
0.0,15.0,1,1
9.0,41.0,1,1
0.0,40.0,2,1
0.0,48.0,1,1
23.0,7.0,1,1
13.0,0.0,1,1
21.0,0.0,1,1
0.0,0.0,2,1
0.0,0.0,1,1
0.0,14.0,4,1
44.0,41.0,0,1
18.0,47.0,1,1
50.0,1.0,0,1
27.0,0.0,1,1
42.0,21.0,2,1
26.0,0.0,1,1
0.0,0.0,0,1
0.0,0.0,2,1
1.0,0.0,0,1
0.0,0.0,1,1
0.0,23.0,4,1
0.0,0.0,0,1
26.0,0.0,1,1
0.0,10.0,1,1
0.0,15.0,0,1
0.0,0.0,8,1
34.0,0.0,2,1
0.0,20.0,1,1
0.0,22.0,1,1
0.0,12.0,0,1
44.0,0.0,1,1
33.0,0.0,0,1
51.0,8.0,1,1
39.0,0.0,0,1
11.0,0.0,1,1
41.0,30.0,6,1
70.0,11.0,1,1
49.0,5.0,1,1
52.0,57.0,1,1
18.0,39.0,2,1
74.0,7.0,0,1
29.0,9.0,2,1
10.0,34.0,0,1
68.0,72.0,3,1
73.0,65.0,1,1
3.0,26.0,1,1
23.0,13.0,1,1
28.0,65.0,3,1
54.0,31.0,9,1
40.0,27.0,1,1
47.0,32.0,1,1
20.0,4.0,0,1
64.0,46.0,1,1
75.0,75.0,1,1
43.0,28.0,1,1
7.0,64.0,1,1
15.0,41.0,1,1
0.0,0.0,2,1
54.0,72.0,0,1
0.0,0.0,2,1
16.0,8.0,1,1
64.0,50.0,2,1
33.0,0.0,1,1
0.0,0.0,4,1
1.0,37.0,1,1
0.0,15.0,1,1
6.0,0.0,0,1
0.0,21.0,3,1
0.0,0.0,4,1
0.0,0.0,4,1
20.0,0.0,5,1
0.0,0.0,1,1
44.0,0.0,1,1
7.0,30.0,4,1
0.0,0.0,2,1
45.0,2.0,1,1
4.0,0.0,4,1
18.0,46.0,1,1
1.0,5.0,2,1
28.0,24.0,1,1
39.0,16.0,1,1
30.0,4.0,2,1
0.0,0.0,0,1
0.0,0.0,1,1
0.0,0.0,0,1
0.0,0.0,1,1
0.0,0.0,1,1
0.0,0.0,1,1
0.0,0.0,0,1
1.0,0.0,11,1
0.0,0.0,2,1
39.0,25.0,1,1
57.0,66.0,4,0
18.0,31.0,1,1
44.0,17.0,1,1
3.0,11.0,1,1
20.0,22.0,0,1
69.0,27.0,1,1
11.0,32.0,1,1
46.0,21.0,0,1
0.0,0.0,2,1
0.0,0.0,4,1
0.0,0.0,7,1
0.0,0.0,1,1
0.0,0.0,0,1
0.0,0.0,3,1
0.0,0.0,0,1
0.0,0.0,4,1
0.0,0.0,1,1
0.0,0.0,0,1
0.0,31.0,1,1
0.0,0.0,3,1
0.0,32.0,1,1
18.0,0.0,4,1
0.0,0.0,1,1
0.0,0.0,4,1
0.0,0.0,1,1
0.0,0.0,3,1
0.0,50.0,4,1
0.0,0.0,1,1
0.0,0.0,2,1
0.0,49.0,1,1
40.0,0.0,4,1
0.0,0.0,1,1
0.0,0.0,1,1
81.0,69.0,2,0
0.0,0.0,1,1
0.0,0.0,1,1
83.0,74.0,8,0
72.0,76.0,5,0
99.0,76.0,7,0
0.0,0.0,2,1
0.0,0.0,1,1
34.0,8.0,1,1
94.0,95.0,6,0
0.0,0.0,1,1
0.0,0.0,1,1
76.0,72.0,6,0
9.0,21.0,1,1
35.0,22.0,3,0
50.0,33.0,2,1
34.0,20.0,7,0
28.0,18.0,5,0
30.0,37.0,2,0
24.0,7.0,0,1
20.0,16.0,1,1
35.0,22.0,1,1
7.0,14.0,1,1
45.0,6.0,1,1
17.0,39.0,1,1
16.0,26.0,5,0
24.0,34.0,1,0
60.0,68.0,1,0
2.0,35.0,14,1
14.0,38.0,2,1
30.0,44.0,0,1
4.0,35.0,2,1
50.0,34.0,2,1
47.0,30.0,1,1
58.0,10.0,2,1
12.0,3.0,0,1
36.0,6.0,1,1
0.0,34.0,0,1
3.0,12.0,1,1
30.0,15.0,1,1
31.0,0.0,1,1
66.0,41.0,1,1
58.0,73.0,0,0
68.0,37.0,0,1
50.0,27.0,0,1
14.0,25.0,1,1
5.0,39.0,1,1
49.0,37.0,2,1
8.0,4.0,2,1
72.0,1.0,0,1
29.0,6.0,1,1
5.0,3.0,1,1
60.0,32.0,1,1
4.0,28.0,1,1
59.0,22.0,0,1
3.0,8.0,1,1
58.0,3.0,2,1
24.0,11.0,1,1
42.0,43.0,0,1
75.0,12.0,1,1
56.0,5.0,1,1
57.0,19.0,0,1
48.0,49.0,2,1
31.0,18.0,1,1
80.0,100.0,1,0
65.0,20.0,2,1
51.0,89.0,1,0
66.0,14.0,0,1
36.0,33.0,0,1
21.0,21.0,0,1
33.0,33.0,1,1
1.0,39.0,1,1
49.0,33.0,1,1
78.0,17.0,0,1
47.0,33.0,1,1
70.0,13.0,0,1
67.0,37.0,1,1
36.0,32.0,1,1
35.0,33.0,0,1
14.0,32.0,0,1
59.0,61.0,0,0
76.0,27.0,1,1
65.0,54.0,1,0
18.0,70.0,1,0
8.0,43.0,1,1
66.0,5.0,0,1
36.0,35.0,0,1
2.0,12.0,0,1
49.0,11.0,0,1
23.0,34.0,0,1
65.0,14.0,0,1
12.0,22.0,10,1
33.0,32.0,0,1
0.0,33.0,4,1
13.0,21.0,1,1
62.0,34.0,1,1
8.0,22.0,1,1
15.0,45.0,1,1
47.0,10.0,1,1
61.0,19.0,1,1
33.0,14.0,0,1
46.0,47.0,1,1
47.0,42.0,1,1
60.0,31.0,1,1
2.0,7.0,0,1
4.0,23.0,0,1
21.0,14.0,0,1
78.0,94.0,1,0
69.0,24.0,1,1
69.0,10.0,0,1
55.0,85.0,2,0
31.0,36.0,1,1
42.0,32.0,1,1
28.0,11.0,0,1
0.0,0.0,1,1
0.0,0.0,1,1
0.0,0.0,1,1
0.0,0.0,0,1
0.0,0.0,0,1
0.0,0.0,0,1
0.0,0.0,1,1
0.0,0.0,2,1
0.0,0.0,0,1
0.0,0.0,0,1
0.0,0.0,1,1
0.0,0.0,0,1
0.0,0.0,0,1
0.0,0.0,2,1
0.0,0.0,0,1
0.0,0.0,1,1
0.0,0.0,1,1
0.0,0.0,1,1
52.0,80.0,0,0
0.0,0.0,0,1
0.0,0.0,1,1
70.0,106.0,1,0
0.0,0.0,0,1
12.0,37.0,1,1
0.0,0.0,1,1
48.0,15.0,2,1
10.0,12.0,1,1
58.0,2.0,0,1
19.0,24.0,1,1
59.0,43.0,2,1
103.0,82.0,6,0
47.0,28.0,2,1
56.0,50.0,2,1
5.0,26.0,1,1
21.0,21.0,1,1
86.0,84.0,1,0
16.0,7.0,1,1
0.0,0.0,1,1
6.0,0.0,1,1
36.0,0.0,0,1
37.0,0.0,2,1
88.0,105.0,1,0
0.0,0.0,2,1
0.0,0.0,0,1
21.0,0.0,1,1
28.0,0.0,0,1
108.0,91.0,10,0
0.0,0.0,1,1
0.0,0.0,1,1
0.0,0.0,1,1
51.0,87.0,5,0
0.0,0.0,1,1
0.0,0.0,0,1
0.0,0.0,0,1
2.0,9.0,0,1
39.0,3.0,0,1
35.0,43.0,4,1
56.0,11.0,0,1
51.0,14.0,0,1
1.0,40.0,0,1
1.0,41.0,1,1
0.0,1.0,1,1
0.0,11.0,1,1
55.0,1.0,3,1
1.0,30.0,1,1
0.0,39.0,4,1
1.0,0.0,1,1
52.0,0.0,2,1
0.0,24.0,1,1
11.0,0.0,2,1
5.0,0.0,1,1
51.0,0.0,0,1
8.0,0.0,2,1
57.0,0.0,2,1
50.0,59.0,4,0
62.0,62.0,4,0
0.0,0.0,1,1
10.0,18.0,2,1
90.0,67.0,10,0
51.0,35.0,1,1
59.0,50.0,9,0
51.0,40.0,1,1
93.0,95.0,6,0
32.0,42.0,1,1
35.0,38.0,0,1
50.0,17.0,1,1
18.0,28.0,1,1
35.0,1.0,3,1
32.0,24.0,4,1
96.0,96.0,6,0
33.0,29.0,0,1
39.0,72.0,0,1
35.0,44.0,0,1
1.0,50.0,1,1
7.0,78.0,1,1
21.0,54.0,1,1
9.0,68.0,1,1
17.0,47.0,2,1
50.0,54.0,1,1
17.0,21.0,1,1
23.0,57.0,1,1
55.0,72.0,3,1
48.0,60.0,6,1
31.0,59.0,1,1
21.0,78.0,1,1
21.0,71.0,1,1
59.0,47.0,0,1
25.0,48.0,4,1
7.0,45.0,1,1
10.0,49.0,1,1
60.0,52.0,1,0
9.0,8.0,1,1
7.0,12.0,6,1
6.0,15.0,6,1
12.0,3.0,1,1
78.0,56.0,2,0
35.0,8.0,1,1
42.0,21.0,1,1
33.0,9.0,0,1
50.0,57.0,2,0
23.0,43.0,1,1
11.0,3.0,1,1
68.0,58.0,1,0
35.0,42.0,0,1
35.0,23.0,0,1
23.0,41.0,1,1
28.0,2.0,4,1
56.0,54.0,3,0
6.0,6.0,1,1
52.0,70.0,0,0
29.0,22.0,1,1
10.0,15.0,1,1
42.0,42.0,2,1
30.0,17.0,1,1
16.0,35.0,5,1
47.0,54.0,1,1
23.0,15.0,1,1
51.0,21.0,0,1
80.0,32.0,1,1
3.0,2.0,1,1
23.0,6.0,0,1
60.0,35.0,3,1
72.0,11.0,1,1
78.0,56.0,2,0
54.0,26.0,4,1
40.0,48.0,2,1
46.0,23.0,0,1
14.0,7.0,4,1
67.0,82.0,3,0
76.0,54.0,7,0
76.0,9.0,2,1
77.0,36.0,1,1
56.0,60.0,1,0
53.0,14.0,1,1
72.0,21.0,0,1
60.0,4.0,1,1
66.0,27.0,1,1
80.0,37.0,3,1
47.0,32.0,3,1
59.0,39.0,1,1
53.0,22.0,0,1
53.0,60.0,3,0
57.0,5.0,0,1
65.0,23.0,3,1
43.0,28.0,1,1
47.0,28.0,2,1
50.0,75.0,2,0
60.0,72.0,0,0
53.0,45.0,1,1
50.0,43.0,2,1
50.0,37.0,2,1
67.0,54.0,5,0
74.0,0.0,0,1
75.0,10.0,8,0
67.0,46.0,1,1
71.0,35.0,1,0
75.0,50.0,2,1
52.0,49.0,2,0
53.0,42.0,1,1
41.0,48.0,1,1
75.0,58.0,0,0
75.0,55.0,5,0
70.0,1.0,1,1
62.0,16.0,1,1
79.0,6.0,0,1
0.0,35.0,3,1
74.0,13.0,2,1
77.0,89.0,2,0
0.0,11.0,1,1
39.0,19.0,2,1
0.0,40.0,1,1
0.0,0.0,0,1
0.0,44.0,1,1
81.0,88.0,5,0
0.0,0.0,1,1
0.0,0.0,1,1
0.0,0.0,1,1
0.0,0.0,3,1
10.0,0.0,1,1
7.0,0.0,1,1
21.0,28.0,0,1
29.0,0.0,1,1
38.0,45.0,1,1
30.0,1.0,2,1
30.0,0.0,1,1
25.0,0.0,2,1
38.0,0.0,1,1
0.0,0.0,1,1
0.0,0.0,1,1
24.0,10.0,1,1
7.0,17.0,1,1
25.0,19.0,0,1
0.0,0.0,1,1
1.0,0.0,4,1
91.0,71.0,6,0
0.0,0.0,2,1
29.0,0.0,3,1
0.0,0.0,5,1
6.0,0.0,1,1
0.0,0.0,2,1
42.0,0.0,1,1
8.0,0.0,2,1
0.0,0.0,1,1
0.0,0.0,1,1
0.0,0.0,0,1
0.0,0.0,0,1
1.0,0.0,3,1
0.0,0.0,4,1
0.0,0.0,2,1
0.0,0.0,1,1
0.0,0.0,1,1
0.0,0.0,2,1
2.0,0.0,2,1
0.0,0.0,0,1
21.0,2.0,4,1
0.0,0.0,1,1
0.0,0.0,3,1
0.0,0.0,2,1
0.0,0.0,1,1
0.0,0.0,1,1
0.0,0.0,0,1
28.0,41.0,1,1
23.0,5.0,1,1
0.0,0.0,0,1
3.0,25.0,3,1
0.0,0.0,1,1
0.0,0.0,3,1
0.0,0.0,1,1
5.0,23.0,1,1
18.0,3.0,1,1
0.0,0.0,2,1
0.0,0.0,3,1
17.0,31.0,1,1
5.0,28.0,1,1
6.0,15.0,0,1
0.0,1.0,1,1
26.0,34.0,0,1
0.0,0.0,5,1
15.0,11.0,0,1
31.0,17.0,0,1
78.0,86.0,7,0
0.0,0.0,3,1
30.0,43.0,3,1
0.0,0.0,1,1
94.0,70.0,2,0
33.0,7.0,2,1
0.0,0.0,1,1
52.0,27.0,2,1
36.0,30.0,1,1
24.0,45.0,2,1
45.0,33.0,2,1
0.0,0.0,2,1
0.0,0.0,1,1
0.0,0.0,0,1
0.0,0.0,2,1
0.0,0.0,1,1
0.0,0.0,4,1
0.0,0.0,0,1
92.0,99.0,4,0
0.0,0.0,2,1
0.0,0.0,2,1
0.0,0.0,2,1
84.0,89.0,1,0
9.0,0.0,0,1
0.0,0.0,1,1
26.0,0.0,2,1
0.0,0.0,1,1
49.0,1.0,2,1
0.0,0.0,0,1
0.0,0.0,1,1
0.0,0.0,4,1
0.0,0.0,6,1
2.0,0.0,0,1
19.0,0.0,1,1
0.0,1.0,4,1
90.0,77.0,4,0
0.0,0.0,2,1
0.0,0.0,1,1
87.0,71.0,5,0
0.0,0.0,7,1
0.0,0.0,1,1
29.0,6.0,4,1
0.0,0.0,4,1
0.0,39.0,1,1
97.0,98.0,4,0
49.0,13.0,2,1
0.0,0.0,4,1
0.0,14.0,3,1
75.0,80.0,4,0
5.0,11.0,1,1
8.0,34.0,1,1
13.0,23.0,1,1
47.0,47.0,1,1
9.0,8.0,1,1
0.0,0.0,1,1
48.0,18.0,3,1
50.0,45.0,1,1
0.0,0.0,4,1
20.0,5.0,6,1
33.0,10.0,0,1
0.0,0.0,0,1
10.0,33.0,0,1
0.0,0.0,1,1
0.0,0.0,2,1
45.0,50.0,2,1
0.0,0.0,3,1
46.0,46.0,0,1
43.0,12.0,1,1
0.0,0.0,3,1
0.0,0.0,4,1
0.0,0.0,0,1
0.0,0.0,1,1
16.0,22.0,1,1
81.0,78.0,4,0
8.0,12.0,1,1
0.0,14.0,2,1
0.0,0.0,1,1
0.0,45.0,1,1
18.0,0.0,1,1
45.0,25.0,2,1
49.0,19.0,0,1
0.0,8.0,3,1
40.0,18.0,2,1
0.0,0.0,2,1
0.0,0.0,2,1
0.0,0.0,1,1
0.0,0.0,1,1
0.0,0.0,0,1
20.0,0.0,2,1
0.0,0.0,1,1
0.0,0.0,0,1
82.0,76.0,2,0
0.0,0.0,2,1
0.0,48.0,1,1
0.0,17.0,2,1
0.0,38.0,1,1
0.0,19.0,2,1
0.0,0.0,1,1
0.0,8.0,5,1
0.0,0.0,2,1
0.0,0.0,1,1
1.0,3.0,0,1
26.0,1.0,1,1
2.0,0.0,2,1
0.0,0.0,0,1
25.0,4.0,4,1
35.0,0.0,1,1
50.0,0.0,4,1
40.0,0.0,2,1
20.0,0.0,0,1
21.0,3.0,4,1
43.0,49.0,1,1
7.0,47.0,2,1
68.0,60.0,2,0
54.0,24.0,0,1
60.0,3.0,1,1
37.0,14.0,4,1
65.0,55.0,1,0
15.0,40.0,2,1
47.0,18.0,3,1
59.0,13.0,1,1
62.0,34.0,1,1
16.0,6.0,3,1
45.0,7.0,2,1
0.0,38.0,0,1
29.0,41.0,0,1
40.0,26.0,0,1
10.0,69.0,1,1
3.0,41.0,1,1
46.0,30.0,2,1
9.0,41.0,1,1
40.0,32.0,0,1
59.0,27.0,0,1
37.0,51.0,4,1
11.0,47.0,1,1
26.0,22.0,0,1
66.0,64.0,0,1
60.0,75.0,1,1
4.0,35.0,1,1
15.0,69.0,1,1
62.0,26.0,1,1
13.0,47.0,1,1
0.0,32.0,0,1
0.0,0.0,1,1
3.0,31.0,4,1
15.0,0.0,4,0
0.0,13.0,2,1
0.0,50.0,4,1
0.0,19.0,3,1
0.0,2.0,1,1
0.0,46.0,3,1
0.0,20.0,2,1
0.0,42.0,1,1
42.0,0.0,1,1
49.0,0.0,1,1
11.0,0.0,2,1
32.0,0.0,1,1
0.0,16.0,2,1
0.0,28.0,0,1
40.0,44.0,1,1
19.0,0.0,1,1
0.0,38.0,0,1
0.0,0.0,3,1
0.0,0.0,2,1
0.0,0.0,1,1
54.0,56.0,8,0
6.0,22.0,4,1
14.0,15.0,1,1
65.0,64.0,4,0
0.0,0.0,1,1
49.0,15.0,2,1
30.0,7.0,1,1
0.0,0.0,5,1
0.0,0.0,2,1
0.0,0.0,1,1
29.0,27.0,1,1
1.0,1.0,0,1
0.0,0.0,1,1
0.0,0.0,2,1
48.0,0.0,1,1
0.0,0.0,1,1
59.0,14.0,1,1
0.0,0.0,1,1
0.0,0.0,1,1
0.0,0.0,0,1
6.0,23.0,0,1
33.0,6.0,0,1
0.0,0.0,1,1
0.0,0.0,1,1
0.0,0.0,1,1
9.0,0.0,2,1
42.0,16.0,1,1
0.0,0.0,1,1
0.0,45.0,1,1
0.0,0.0,1,1
0.0,0.0,0,1
0.0,0.0,1,1
0.0,0.0,2,1
0.0,0.0,2,1
0.0,0.0,1,1
0.0,0.0,1,1
48.0,0.0,7,1
0.0,36.0,2,1
4.0,0.0,2,1
0.0,38.0,2,1
0.0,0.0,0,1
0.0,45.0,0,1
0.0,48.0,1,1
0.0,30.0,0,1
3.0,42.0,5,1
12.0,0.0,0,1
0.0,0.0,1,1
0.0,0.0,2,1
0.0,0.0,2,1
0.0,0.0,2,1
0.0,0.0,1,1
0.0,0.0,1,1
0.0,0.0,1,1
0.0,0.0,0,1
0.0,0.0,1,1
0.0,0.0,0,1
89.0,84.0,2,0
67.0,64.0,0,0
85.0,99.0,7,0
0.0,0.0,1,1
33.0,50.0,1,1
25.0,38.0,1,1
0.0,0.0,0,1
0.0,0.0,0,1
20.0,49.0,1,1
0.0,0.0,1,1
7.0,24.0,1,1
0.0,0.0,1,1
68.0,82.0,4,0
73.0,69.0,9,0
37.0,15.0,1,1
0.0,12.0,0,1
40.0,23.0,3,0
14.0,15.0,4,0
24.0,11.0,4,0
39.0,30.0,4,0
36.0,17.0,10,0
3.0,28.0,0,1
31.0,36.0,6,0
77.0,51.0,1,0
13.0,16.0,3,0
47.0,32.0,1,1
55.0,27.0,0,1
73.0,58.0,0,0
40.0,20.0,1,1
63.0,70.0,1,0
2.0,12.0,1,1
68.0,51.0,1,0
49.0,35.0,0,1
66.0,43.0,1,1
80.0,43.0,1,1
55.0,14.0,1,1
21.0,4.0,0,1
46.0,11.0,10,1
63.0,58.0,0,0
64.0,62.0,1,0
1.0,10.0,2,1
72.0,20.0,0,1
5.0,38.0,1,1
52.0,8.0,2,1
70.0,38.0,2,1
63.0,80.0,0,0
63.0,56.0,0,0
69.0,58.0,1,0
54.0,31.0,1,1
52.0,30.0,0,1
39.0,38.0,0,1
38.0,47.0,6,1
35.0,3.0,1,1
51.0,38.0,1,1
15.0,40.0,1,1
36.0,3.0,3,1
17.0,33.0,1,1
6.0,1.0,0,1
15.0,4.0,3,1
2.0,3.0,1,1
51.0,63.0,0,0
35.0,31.0,0,1
18.0,21.0,2,1
21.0,33.0,0,1
25.0,1.0,2,1
79.0,6.0,0,1
53.0,68.0,1,0
30.0,40.0,2,1
56.0,63.0,1,0
65.0,73.0,1,0
34.0,38.0,0,1
1.0,38.0,0,1
78.0,124.0,0,0
18.0,22.0,0,1
31.0,22.0,1,1
53.0,87.0,1,0
39.0,15.0,3,1
45.0,30.0,0,1
15.0,15.0,0,1
33.0,14.0,1,1
68.0,67.0,1,0
27.0,23.0,1,1
62.0,12.0,3,1
76.0,35.0,0,1
65.0,54.0,2,0
3.0,23.0,1,1
7.0,22.0,1,1
12.0,32.0,2,0
41.0,47.0,0,0
66.0,21.0,3,0
76.0,93.0,1,0
80.0,52.0,0,0
20.0,33.0,3,1
55.0,54.0,1,0
3.0,21.0,1,1
33.0,31.0,0,1
37.0,27.0,1,1
11.0,20.0,0,1
53.0,98.0,0,0
36.0,12.0,0,1
76.0,25.0,1,1
80.0,63.0,2,0
11.0,17.0,0,1
50.0,95.0,0,0
23.0,28.0,0,1
12.0,46.0,1,1
2.0,33.0,0,1
14.0,37.0,1,1
40.0,1.0,1,0
64.0,32.0,0,1
26.0,50.0,3,0
15.0,31.0,0,1
79.0,2.0,1,1
46.0,31.0,1,1
19.0,25.0,1,1
4.0,27.0,0,1
58.0,26.0,0,1
89.0,81.0,0,0
86.0,98.0,2,0
25.0,19.0,1,1
0.0,0.0,1,1
55.0,0.0,0,1
0.0,0.0,0,1
47.0,0.0,2,1
46.0,0.0,1,1
32.0,0.0,1,1
0.0,0.0,1,1
65.0,96.0,2,0
56.0,96.0,10,0
35.0,0.0,0,1
0.0,0.0,2,1
0.0,0.0,1,1
0.0,0.0,3,1
3.0,0.0,0,1
0.0,0.0,0,1
0.0,0.0,1,1
0.0,0.0,1,1
0.0,0.0,2,1
0.0,0.0,4,1
0.0,0.0,1,1
0.0,0.0,1,1
0.0,0.0,1,1
0.0,0.0,1,1
0.0,0.0,1,1
51.0,74.0,1,0
50.0,83.0,2,0
93.0,85.0,7,0
0.0,0.0,1,1
0.0,0.0,8,1
0.0,0.0,0,1
51.0,0.0,0,1
0.0,0.0,1,1
27.0,0.0,2,1
0.0,0.0,0,1
0.0,0.0,0,1
0.0,0.0,0,1
0.0,0.0,0,1
0.0,0.0,3,1
2.0,0.0,0,1
0.0,0.0,0,1
0.0,0.0,2,1
55.0,56.0,7,0
0.0,0.0,2,1
107.0,72.0,8,0
1.0,0.0,1,1
79.0,61.0,3,0
0.0,1.0,1,1
2.0,0.0,3,1
0.0,0.0,1,1
0.0,0.0,0,1
100.0,78.0,5,0
102.0,59.0,10,0
84.0,63.0,8,0
18.0,24.0,3,1
0.0,25.0,1,1
12.0,23.0,1,1
46.0,50.0,2,1
0.0,0.0,2,1
1.0,5.0,4,1
36.0,42.0,1,1
0.0,0.0,1,1
61.0,110.0,9,0
68.0,57.0,9,0
54.0,73.0,5,0
0.0,40.0,1,1
1.0,35.0,0,1
17.0,0.0,2,1
69.0,102.0,6,0
57.0,92.0,3,0
0.0,0.0,1,1
45.0,0.0,1,1
0.0,0.0,1,1
21.0,0.0,1,1
13.0,0.0,1,1
86.0,103.0,8,0
50.0,7.0,1,1
29.0,45.0,0,1
65.0,66.0,7,0
0.0,0.0,1,1
55.0,63.0,7,0
56.0,104.0,3,0
90.0,79.0,9,0
0.0,0.0,0,1
0.0,0.0,1,1
83.0,54.0,4,0
101.0,109.0,8,0
4.0,50.0,1,1
9.0,25.0,0,1
64.0,59.0,5,0
61.0,84.0,1,1
99.0,72.0,3,0
79.0,74.0,5,0
63.0,55.0,4,0
53.0,105.0,5,0
17.0,40.0,1,1
17.0,48.0,1,1
78.0,55.0,2,0
3.0,11.0,3,1
30.0,5.0,0,1
32.0,53.0,1,1
55.0,76.0,0,0
17.0,50.0,1,1
32.0,55.0,1,1
23.0,6.0,2,1
54.0,69.0,1,1
29.0,50.0,1,1
47.0,44.0,0,1
11.0,4.0,0,1
23.0,45.0,2,1
39.0,75.0,1,1
53.0,45.0,1,1
42.0,43.0,0,1
55.0,75.0,1,1
18.0,47.0,1,1
26.0,63.0,1,1
29.0,52.0,2,1
6.0,49.0,1,1
4.0,42.0,1,1
14.0,48.0,1,1
67.0,59.0,1,0
20.0,3.0,0,1
7.0,15.0,2,1
67.0,72.0,0,0
37.0,45.0,0,1
44.0,37.0,0,1
8.0,5.0,2,1
21.0,27.0,1,1
46.0,6.0,3,1
50.0,41.0,0,1
12.0,34.0,2,0
45.0,50.0,3,0
74.0,52.0,3,0
42.0,3.0,0,1
34.0,41.0,1,1
60.0,55.0,1,0
16.0,46.0,0,1
32.0,48.0,1,1
28.0,21.0,0,1
46.0,3.0,0,1
34.0,8.0,2,1
59.0,78.0,5,0
55.0,46.0,1,1
57.0,13.0,1,1
54.0,45.0,1,1
52.0,15.0,1,1
60.0,35.0,3,1
45.0,19.0,0,1
21.0,36.0,0,1
65.0,25.0,3,1
4.0,32.0,1,1
75.0,31.0,3,1
56.0,3.0,1,1
62.0,48.0,1,1
42.0,3.0,1,1
63.0,12.0,1,1
79.0,30.0,1,1
73.0,35.0,0,1
31.0,12.0,1,1
64.0,19.0,0,1
78.0,37.0,1,1
74.0,59.0,1,0
45.0,7.0,1,0
67.0,55.0,1,0
40.0,28.0,1,1
53.0,52.0,0,0
56.0,52.0,1,0
76.0,58.0,1,0
74.0,27.0,0,1
56.0,46.0,0,0
55.0,27.0,0,1
67.0,34.0,1,1
30.0,10.0,1,1
72.0,36.0,1,1
47.0,18.0,0,1
55.0,52.0,1,0
74.0,42.0,2,1
79.0,31.0,1,1
45.0,9.0,2,1
65.0,43.0,1,1
0.0,43.0,1,1
0.0,34.0,3,1
59.0,55.0,1,0
49.0,43.0,2,1
0.0,42.0,1,1
76.0,16.0,0,1
44.0,48.0,1,1
55.0,38.0,3,1
66.0,2.0,1,1
66.0,80.0,3,0
0.0,14.0,3,1
62.0,30.0,1,1
79.0,17.0,1,1
0.0,0.0,0,1
0.0,0.0,1,1
0.0,0.0,2,1
0.0,0.0,0,1
1.0,0.0,5,1
0.0,0.0,1,1
0.0,0.0,2,1
0.0,0.0,0,1
1.0,0.0,1,1
0.0,0.0,1,1
9.0,0.0,2,1
12.0,0.0,0,1
36.0,0.0,1,1
16.0,0.0,10,1
0.0,0.0,0,1
0.0,0.0,1,1
13.0,0.0,1,1
0.0,0.0,1,1
20.0,9.0,1,1
0.0,0.0,2,1
0.0,0.0,1,1
0.0,0.0,0,1
0.0,0.0,2,1
0.0,0.0,1,1
12.0,0.0,1,1
6.0,14.0,2,1
95.0,75.0,3,0
0.0,0.0,1,1
26.0,24.0,1,1
0.0,0.0,2,1
24.0,0.0,1,1
0.0,0.0,1,1
0.0,0.0,1,1
0.0,0.0,1,1
0.0,0.0,1,1
4.0,0.0,5,1
0.0,0.0,0,1
0.0,0.0,1,1
0.0,0.0,1,1
0.0,0.0,6,1
0.0,0.0,1,1
0.0,0.0,0,1
0.0,0.0,1,1
9.0,7.0,0,1
0.0,0.0,1,1
30.0,36.0,2,1
2.0,0.0,1,1
0.0,0.0,1,1
0.0,0.0,1,1
0.0,0.0,1,1
0.0,0.0,2,1
9.0,44.0,1,1
37.0,12.0,1,1
0.0,0.0,1,1
20.0,44.0,2,1
0.0,0.0,1,1
16.0,14.0,3,1
96.0,76.0,0,0
17.0,8.0,1,1
37.0,24.0,1,1
0.0,0.0,0,1
21.0,38.0,1,1
35.0,35.0,1,1
27.0,43.0,1,1
34.0,0.0,3,1
37.0,40.0,0,1
0.0,0.0,0,1
0.0,0.0,1,1
0.0,21.0,8,1
39.0,22.0,3,1
7.0,12.0,0,1
5.0,26.0,0,1
0.0,0.0,0,1
34.0,39.0,0,1
0.0,0.0,0,1
36.0,43.0,1,1
17.0,14.0,1,1
57.0,60.0,2,0
51.0,65.0,0,0
0.0,0.0,1,1
58.0,33.0,1,1
30.0,31.0,1,1
98.0,85.0,3,0
53.0,9.0,1,1
35.0,21.0,0,1
12.0,8.0,1,1
63.0,36.0,0,1
1.0,1.0,2,1
0.0,0.0,0,1
0.0,0.0,1,1
24.0,11.0,0,1
51.0,70.0,0,0
1.0,0.0,3,1
0.0,0.0,1,1
3.0,18.0,0,1
0.0,0.0,1,1
0.0,0.0,2,1
0.0,0.0,1,1
0.0,0.0,0,1
0.0,0.0,0,1
1.0,3.0,0,1
0.0,0.0,6,1
40.0,0.0,1,1
0.0,0.0,2,1
10.0,0.0,0,1
0.0,0.0,1,1
0.0,0.0,0,1
12.0,0.0,3,1
85.0,67.0,5,0
5.0,0.0,1,1
0.0,0.0,1,1
31.0,0.0,1,1
0.0,0.0,2,1
0.0,0.0,1,1
0.0,0.0,1,1
0.0,10.0,0,1
0.0,0.0,0,1
0.0,0.0,1,1
0.0,0.0,0,1
1.0,3.0,3,1
0.0,43.0,0,1
0.0,0.0,0,1
2.0,0.0,2,1
0.0,0.0,1,1
0.0,46.0,0,1
79.0,99.0,1,0
0.0,0.0,0,1
22.0,38.0,2,1
0.0,0.0,0,1
1.0,0.0,1,1
0.0,0.0,2,1
24.0,19.0,2,1
38.0,22.0,2,1
22.0,23.0,2,1
0.0,0.0,1,1
0.0,0.0,1,1
0.0,0.0,1,1
11.0,5.0,2,1
42.0,4.0,3,1
30.0,25.0,2,1
0.0,0.0,1,1
3.0,0.0,1,1
0.0,0.0,1,1
21.0,50.0,3,1
0.0,23.0,0,1
0.0,43.0,1,1
48.0,13.0,0,1
7.0,0.0,2,1
0.0,0.0,0,1
0.0,0.0,1,1
0.0,0.0,0,1
0.0,0.0,3,1
43.0,6.0,2,1
12.0,0.0,1,1
3.0,17.0,1,1
19.0,0.0,5,1
22.0,0.0,1,1
38.0,0.0,1,1
0.0,48.0,5,1
6.0,0.0,1,1
0.0,42.0,1,1
0.0,34.0,1,1
0.0,3.0,0,1
50.0,35.0,4,1
24.0,12.0,1,1
0.0,22.0,0,1
0.0,2.0,0,1
57.0,29.0,1,1
0.0,46.0,0,1
8.0,0.0,1,1
0.0,49.0,0,1
1.0,13.0,0,1
0.0,0.0,0,1
12.0,0.0,0,1
1.0,0.0,6,1
34.0,37.0,0,1
25.0,0.0,1,1
40.0,6.0,1,1
89.0,91.0,3,0
67.0,59.0,0,0
73.0,83.0,2,0
14.0,65.0,2,1
38.0,12.0,1,1
9.0,23.0,1,1
12.0,75.0,0,1
33.0,74.0,1,1
1.0,12.0,4,1
56.0,70.0,0,1
66.0,68.0,1,1
18.0,12.0,1,0
72.0,74.0,2,1
15.0,56.0,2,0
70.0,18.0,2,1
10.0,39.0,1,0
0.0,39.0,0,1
15.0,71.0,1,1
0.0,18.0,0,1
0.0,43.0,1,1
72.0,55.0,2,1
68.0,4.0,2,1
0.0,0.0,0,1
2.0,37.0,0,1
5.0,38.0,1,1
4.0,30.0,0,1
0.0,25.0,2,1
18.0,0.0,1,1
37.0,73.0,0,1
36.0,0.0,4,1
51.0,5.0,2,1
7.0,61.0,0,1
0.0,0.0,3,1
12.0,34.0,0,1
22.0,8.0,1,1
3.0,25.0,1,1
60.0,38.0,2,1
0.0,0.0,2,1
0.0,0.0,4,1
0.0,0.0,2,1
76.0,99.0,1,0
32.0,9.0,0,1
0.0,0.0,1,1
21.0,10.0,0,1
19.0,10.0,3,1
44.0,3.0,1,1
0.0,0.0,2,1
0.0,0.0,0,1
49.0,43.0,1,1
4.0,0.0,1,1
30.0,0.0,0,1
0.0,0.0,1,1
0.0,0.0,1,1
17.0,32.0,2,1
2.0,0.0,7,1
16.0,0.0,1,1
40.0,39.0,3,1
0.0,0.0,2,1
54.0,23.0,1,1
1.0,0.0,0,1
58.0,22.0,1,1
27.0,42.0,1,1
0.0,0.0,1,1
0.0,0.0,4,1
1.0,0.0,2,1
56.0,61.0,1,0
0.0,0.0,1,1
0.0,0.0,1,1
0.0,0.0,2,1
36.0,35.0,2,1
0.0,0.0,0,1
0.0,0.0,1,1
0.0,0.0,1,1
1.0,0.0,1,1
0.0,0.0,1,1
0.0,0.0,2,1
0.0,4.0,1,1
0.0,0.0,1,1
0.0,0.0,1,1
0.0,0.0,1,1
0.0,0.0,3,1
0.0,0.0,0,1
0.0,0.0,0,1
0.0,0.0,1,1
6.0,0.0,1,1
0.0,0.0,1,1
63.0,97.0,3,0
7.0,0.0,1,1
0.0,0.0,1,1
0.0,0.0,1,1
100.0,60.0,3,0
0.0,0.0,1,1
49.0,0.0,1,1
0.0,0.0,1,1
0.0,0.0,0,1
0.0,0.0,0,1
0.0,39.0,0,1
0.0,10.0,2,1
0.0,0.0,1,1
69.0,73.0,10,0
23.0,2.0,0,1
0.0,0.0,1,1
30.0,33.0,0,1
32.0,47.0,0,1
15.0,2.0,1,1
0.0,0.0,1,1
0.0,0.0,1,1
19.0,48.0,2,1
41.0,25.0,1,1
22.0,35.0,0,1
0.0,40.0,0,1
37.0,28.0,1,1
41.0,11.0,0,1
0.0,0.0,1,1
46.0,32.0,1,1
2.0,23.0,0,1
0.0,0.0,1,1
7.0,9.0,1,1
44.0,42.0,0,1
61.0,91.0,1,0
7.0,19.0,1,1
64.0,1.0,2,1
6.0,49.0,1,1
53.0,72.0,1,0
55.0,6.0,0,1
23.0,26.0,1,1
36.0,42.0,0,1
73.0,14.0,1,1
1.0,16.0,1,1
52.0,68.0,1,0
77.0,35.0,0,1
41.0,4.0,5,1
52.0,80.0,1,0
29.0,2.0,1,1
73.0,8.0,2,1
56.0,67.0,1,0
45.0,73.0,3,0
70.0,71.0,1,0
57.0,60.0,2,0
26.0,11.0,0,1
67.0,9.0,0,1
32.0,37.0,0,1
11.0,31.0,0,1
65.0,57.0,1,0
59.0,52.0,0,0
22.0,3.0,0,1
17.0,22.0,0,1
11.0,21.0,0,1
67.0,76.0,1,0
61.0,39.0,1,1
40.0,12.0,0,1
57.0,72.0,1,0
46.0,29.0,1,1
46.0,49.0,1,1
13.0,37.0,1,1
62.0,73.0,1,0
15.0,22.0,0,1
5.0,33.0,0,1
0.0,22.0,1,1
6.0,42.0,1,1
10.0,49.0,0,1
13.0,22.0,0,1
4.0,23.0,0,1
9.0,19.0,0,1
7.0,36.0,1,1
64.0,87.0,1,0
64.0,25.0,1,1
61.0,14.0,1,1
34.0,30.0,0,1
67.0,86.0,0,0
7.0,10.0,0,1
10.0,32.0,1,1
65.0,76.0,0,0
59.0,54.0,0,0
1.0,43.0,1,0
13.0,42.0,1,1
58.0,96.0,0,0
66.0,34.0,1,1
45.0,28.0,0,1
7.0,34.0,0,1
58.0,96.0,1,0
5.0,35.0,1,1
52.0,40.0,2,1
40.0,42.0,1,0
13.0,12.0,1,1
0.0,11.0,0,1
17.0,0.0,0,1
64.0,33.0,0,0
0.0,0.0,3,1
63.0,75.0,1,0
1.0,39.0,1,1
63.0,119.0,2,0
25.0,21.0,1,0
12.0,29.0,0,1
70.0,32.0,0,1
3.0,0.0,0,1
41.0,43.0,0,1
34.0,33.0,0,1
76.0,58.0,0,0
51.0,88.0,0,0
76.0,20.0,0,1
45.0,21.0,1,1
75.0,54.0,2,0
13.0,0.0,0,1
64.0,48.0,0,1
23.0,22.0,0,1
53.0,52.0,0,1
37.0,18.0,1,1
36.0,19.0,1,1
58.0,0.0,1,1
0.0,0.0,2,1
54.0,107.0,2,0
62.0,86.0,1,0
19.0,21.0,1,1
0.0,0.0,1,1
0.0,0.0,1,1
6.0,0.0,1,1
77.0,107.0,8,0
0.0,0.0,3,1
0.0,0.0,2,1
0.0,0.0,0,1
0.0,0.0,1,1
109.0,65.0,4,0
0.0,0.0,1,1
1.0,0.0,0,1
75.0,77.0,7,0
0.0,0.0,0,1
0.0,0.0,1,1
106.0,62.0,2,0
0.0,0.0,0,1
0.0,0.0,1,1
63.0,93.0,3,0
108.0,56.0,1,0
74.0,59.0,1,0
77.0,88.0,5,0
0.0,0.0,0,1
95.0,77.0,1,0
57.0,19.0,0,1
28.0,27.0,2,1
26.0,0.0,1,1
41.0,0.0,0,1
7.0,0.0,5,0
0.0,0.0,1,1
13.0,45.0,3,1
0.0,0.0,3,1
0.0,0.0,0,1
37.0,7.0,0,1
83.0,90.0,2,0
50.0,0.0,1,1
0.0,0.0,0,1
1.0,0.0,1,1
0.0,0.0,1,1
52.0,99.0,5,0
93.0,74.0,10,0
0.0,0.0,3,1
2.0,0.0,2,1
0.0,0.0,1,1
0.0,0.0,1,1
105.0,102.0,9,0
40.0,12.0,0,1
92.0,104.0,5,0
32.0,26.0,1,1
60.0,36.0,6,1
50.0,49.0,1,1
63.0,51.0,3,0
26.0,1.0,3,1
38.0,45.0,1,1
86.0,103.0,5,0
109.0,80.0,5,0
29.0,48.0,3,1
71.0,108.0,4,0
54.0,0.0,1,1
47.0,0.0,1,1
0.0,0.0,0,1
105.0,53.0,3,0
0.0,0.0,0,1
82.0,71.0,5,0
58.0,5.0,1,1
101.0,74.0,4,0
53.0,100.0,2,0
6.0,0.0,0,1
56.0,1.0,1,1
67.0,91.0,3,0
0.0,0.0,3,1
43.0,28.0,2,1
24.0,21.0,1,1
46.0,43.0,0,1
0.0,0.0,1,1
100.0,53.0,1,0
0.0,0.0,0,1
50.0,98.0,3,0
6.0,37.0,2,1
37.0,29.0,1,1
45.0,36.0,1,1
84.0,61.0,3,0
0.0,0.0,0,1
80.0,89.0,3,0
104.0,56.0,4,0
14.0,26.0,0,1
4.0,47.0,1,1
47.0,15.0,3,1
54.0,62.0,0,0
67.0,59.0,3,0
65.0,17.0,0,1
60.0,68.0,0,0
53.0,32.0,0,1
52.0,59.0,1,0
16.0,45.0,0,1
68.0,26.0,1,1
40.0,42.0,1,1
35.0,29.0,0,1
63.0,21.0,1,1
50.0,12.0,1,1
14.0,2.0,0,1
8.0,15.0,1,1
64.0,22.0,2,1
55.0,45.0,2,1
36.0,23.0,0,1
48.0,16.0,1,1
55.0,1.0,0,1
78.0,69.0,0,0
43.0,27.0,1,1
56.0,52.0,1,0
61.0,38.0,1,1
77.0,1.0,2,1
15.0,41.0,1,1
40.0,42.0,0,1
9.0,37.0,2,1
69.0,8.0,2,1
65.0,17.0,1,1
52.0,9.0,1,1
43.0,1.0,1,1
43.0,47.0,10,1
56.0,51.0,2,0
59.0,58.0,0,0
25.0,34.0,1,1
56.0,31.0,0,1
39.0,3.0,1,1
2.0,43.0,4,1
38.0,50.0,1,1
57.0,74.0,0,1
38.0,4.0,0,1
2.0,49.0,0,1
74.0,65.0,0,0
30.0,13.0,1,1
55.0,76.0,1,1
59.0,66.0,1,0
56.0,53.0,2,0
59.0,61.0,0,1
32.0,67.0,1,1
43.0,49.0,1,1
57.0,53.0,1,0
34.0,41.0,0,1
45.0,47.0,2,1
6.0,54.0,0,1
48.0,77.0,1,1
55.0,49.0,1,1
24.0,76.0,0,1
5.0,79.0,0,1
4.0,51.0,1,1
37.0,56.0,1,1
44.0,10.0,1,1
1.0,34.0,1,1
9.0,55.0,1,1
59.0,63.0,0,0
42.0,35.0,0,1
22.0,24.0,1,1
72.0,25.0,1,1
48.0,44.0,1,1
3.0,44.0,0,1
41.0,6.0,2,1
46.0,47.0,0,1
32.0,50.0,1,1
42.0,17.0,1,1
0.0,0.0,1,1
62.0,26.0,3,1
0.0,0.0,1,1
0.0,0.0,0,1
18.0,1.0,1,1
74.0,73.0,1,0
56.0,27.0,1,1
79.0,35.0,0,1
28.0,0.0,0,1
72.0,16.0,1,1
0.0,0.0,1,1
1.0,0.0,1,1
59.0,21.0,1,1
61.0,33.0,1,1
0.0,1.0,3,1
43.0,3.0,2,1
59.0,55.0,1,0
0.0,0.0,2,1
0.0,0.0,0,1
0.0,0.0,0,1
39.0,0.0,0,1
0.0,0.0,0,1
0.0,1.0,1,1
0.0,38.0,1,1
0.0,0.0,2,1
0.0,0.0,1,1
33.0,0.0,0,1
0.0,41.0,1,1
0.0,3.0,1,1
0.0,1.0,0,1
0.0,0.0,0,1
0.0,0.0,1,1
0.0,37.0,1,1
0.0,4.0,2,1
77.0,41.0,0,1
0.0,0.0,0,1
0.0,0.0,2,1
7.0,0.0,1,1
0.0,0.0,0,1
76.0,51.0,1,0
0.0,0.0,1,1
0.0,0.0,1,1
0.0,0.0,1,1
71.0,5.0,0,1
1.0,0.0,4,1
0.0,0.0,0,1
11.0,0.0,1,1
82.0,83.0,2,0
0.0,0.0,0,1
1.0,0.0,0,1
70.0,44.0,0,1
41.0,28.0,1,1
0.0,0.0,2,1
0.0,0.0,4,1
12.0,40.0,1,1
2.0,4.0,2,1
13.0,10.0,1,1
42.0,4.0,1,1
0.0,0.0,1,1
0.0,0.0,0,1
0.0,0.0,1,1
31.0,3.0,2,1
20.0,43.0,1,1
0.0,0.0,0,1
4.0,42.0,1,1
0.0,0.0,1,1
0.0,0.0,1,1
0.0,0.0,1,1
0.0,0.0,3,1
18.0,37.0,0,1
0.0,0.0,5,1
0.0,0.0,4,1
45.0,32.0,2,1
34.0,18.0,0,1
0.0,0.0,0,1
41.0,0.0,0,1
67.0,2.0,1,1
0.0,0.0,2,1
23.0,2.0,0,1
0.0,0.0,2,1
43.0,45.0,0,1
11.0,6.0,0,1
51.0,6.0,1,1
0.0,0.0,2,1
9.0,28.0,4,1
5.0,0.0,0,1
23.0,0.0,0,1
44.0,17.0,3,1
72.0,6.0,2,0
0.0,0.0,3,1
0.0,0.0,2,1
7.0,30.0,1,1
0.0,2.0,2,1
8.0,33.0,0,1
66.0,32.0,0,1
19.0,22.0,1,1
0.0,0.0,1,1
28.0,0.0,1,1
21.0,10.0,1,1
0.0,0.0,2,1
0.0,0.0,2,1
0.0,0.0,2,1
39.0,43.0,0,1
20.0,42.0,2,1
33.0,34.0,1,1
44.0,44.0,2,1
0.0,0.0,0,1
29.0,0.0,0,1
0.0,0.0,0,1
0.0,0.0,0,1
7.0,0.0,2,1
0.0,0.0,1,1
0.0,0.0,2,1
0.0,0.0,3,1
0.0,0.0,2,1
0.0,0.0,0,1
0.0,0.0,3,1
0.0,0.0,1,1
0.0,0.0,0,1
0.0,28.0,1,1
0.0,0.0,1,1
0.0,18.0,1,1
0.0,0.0,1,1
0.0,50.0,1,1
0.0,19.0,1,1
1.0,0.0,1,1
0.0,2.0,0,1
0.0,0.0,0,1
0.0,0.0,0,1
40.0,35.0,1,1
35.0,9.0,2,1
37.0,15.0,1,1
27.0,0.0,1,1
43.0,39.0,2,1
20.0,0.0,0,1
0.0,0.0,1,1
0.0,0.0,1,1
1.0,0.0,0,1
0.0,0.0,0,1
0.0,0.0,4,1
0.0,0.0,1,1
25.0,0.0,1,1
86.0,96.0,4,0
88.0,93.0,1,0
1.0,28.0,0,1
0.0,0.0,5,1
17.0,0.0,2,1
0.0,0.0,0,1
49.0,6.0,1,1
0.0,0.0,1,1
56.0,60.0,2,0
0.0,0.0,3,1
28.0,3.0,2,1
31.0,26.0,4,1
21.0,24.0,1,1
67.0,4.0,1,1
62.0,45.0,0,1
56.0,62.0,2,0
69.0,32.0,2,1
38.0,44.0,1,1
18.0,34.0,5,1
25.0,16.0,1,1
30.0,7.0,1,1
19.0,29.0,2,1
65.0,41.0,1,1
11.0,24.0,1,1
9.0,4.0,2,1
0.0,0.0,1,1
0.0,1.0,0,1
9.0,7.0,0,1
0.0,0.0,1,1
0.0,0.0,3,1
0.0,0.0,2,1
0.0,29.0,0,1
0.0,0.0,1,1
0.0,6.0,0,1
0.0,11.0,1,1
0.0,0.0,1,1
0.0,50.0,0,1
0.0,0.0,0,1
14.0,13.0,1,1
45.0,0.0,0,1
0.0,0.0,0,1
7.0,0.0,0,1
39.0,0.0,2,1
34.0,29.0,0,1
29.0,2.0,0,1
0.0,0.0,0,1
2.0,0.0,1,1
0.0,0.0,1,1
0.0,0.0,0,1
0.0,26.0,2,1
0.0,45.0,2,1
0.0,0.0,2,1
21.0,13.0,0,1
0.0,0.0,0,1
33.0,0.0,2,1
0.0,0.0,1,1
4.0,0.0,1,1
55.0,58.0,0,0
14.0,6.0,2,1
44.0,65.0,0,1
69.0,15.0,0,1
33.0,4.0,0,1
10.0,36.0,2,1
11.0,10.0,2,1
0.0,0.0,3,1
13.0,0.0,0,1
27.0,0.0,0,1
24.0,0.0,1,1
29.0,0.0,2,1
0.0,2.0,0,1
0.0,3.0,1,1
0.0,7.0,2,1
0.0,45.0,2,1
0.0,26.0,0,1
0.0,0.0,5,1
5.0,38.0,2,1
58.0,9.0,0,0
0.0,0.0,2,1
62.0,26.0,2,1
3.0,61.0,1,1
17.0,67.0,1,1
52.0,52.0,1,1
72.0,66.0,4,1
75.0,8.0,0,1
19.0,27.0,1,1
1.0,15.0,2,1
75.0,9.0,4,0
0.0,0.0,1,1
0.0,0.0,3,1
0.0,24.0,2,1
0.0,0.0,1,1
0.0,0.0,0,1
0.0,0.0,3,1
0.0,12.0,1,1
0.0,5.0,1,1
0.0,33.0,0,1
0.0,0.0,1,1
0.0,0.0,0,1
46.0,0.0,0,1
0.0,0.0,1,1
0.0,0.0,0,1
0.0,0.0,2,1
0.0,0.0,0,1
0.0,0.0,1,1
0.0,0.0,1,1
26.0,0.0,1,1
0.0,0.0,1,1
0.0,0.0,0,1
45.0,22.0,0,1
0.0,0.0,2,1
0.0,0.0,2,1
0.0,0.0,1,1
19.0,0.0,0,1
0.0,0.0,1,1
0.0,1.0,8,1
1.0,11.0,3,1
0.0,0.0,0,1
17.0,29.0,2,1
31.0,63.0,1,1
0.0,0.0,0,1
35.0,7.0,0,1
0.0,0.0,1,1
0.0,0.0,0,1
0.0,0.0,0,1
0.0,0.0,0,1
1.0,13.0,1,1
0.0,0.0,1,1
0.0,0.0,0,1
21.0,17.0,1,1
0.0,0.0,0,1
0.0,0.0,0,1
35.0,7.0,3,1
50.0,38.0,0,1
0.0,0.0,2,1
0.0,0.0,2,1
34.0,33.0,1,1
18.0,12.0,0,1
5.0,47.0,0,1
16.0,39.0,0,1
2.0,69.0,1,1
0.0,0.0,1,1
34.0,15.0,1,1
19.0,44.0,1,1
32.0,13.0,1,1
52.0,14.0,7,1
0.0,0.0,0,1
27.0,0.0,0,1
0.0,0.0,4,1
9.0,0.0,0,1
30.0,33.0,0,1
55.0,27.0,2,1
36.0,27.0,1,1
70.0,38.0,1,1
2.0,0.0,1,1
0.0,0.0,1,1
0.0,0.0,0,1
10.0,26.0,2,1
31.0,24.0,1,1
22.0,0.0,2,1
0.0,0.0,1,1
40.0,69.0,2,1
0.0,22.0,2,1
75.0,4.0,0,1
36.0,19.0,1,1
0.0,0.0,0,1
65.0,28.0,1,1
59.0,63.0,1,0
63.0,70.0,1,0
77.0,2.0,0,1
52.0,39.0,0,1
56.0,74.0,0,0
53.0,40.0,0,1
38.0,6.0,2,1
78.0,12.0,2,1
35.0,20.0,0,1
77.0,8.0,1,1
39.0,17.0,1,1
38.0,39.0,1,1
35.0,17.0,1,1
61.0,55.0,2,0
28.0,13.0,1,1
52.0,28.0,3,1
32.0,9.0,1,1
52.0,55.0,0,0
30.0,35.0,1,1
1.0,43.0,0,1
65.0,48.0,0,1
19.0,5.0,2,1
55.0,57.0,1,0
49.0,4.0,0,1
56.0,78.0,1,0
76.0,72.0,0,0
0.0,40.0,0,1
28.0,1.0,1,1
25.0,35.0,1,1
30.0,9.0,0,1
12.0,29.0,0,1
23.0,46.0,1,1
91.0,92.0,5,0
29.0,46.0,0,1
42.0,25.0,0,1
12.0,22.0,1,1
62.0,22.0,0,0
61.0,87.0,1,0
56.0,4.0,1,1
5.0,22.0,1,1
80.0,72.0,7,0
48.0,31.0,0,0
4.0,22.0,0,1
3.0,14.0,0,1
7.0,34.0,2,1
58.0,55.0,0,0
58.0,13.0,1,1
95.0,94.0,1,0
52.0,77.0,1,0
17.0,13.0,4,0
27.0,28.0,7,0
71.0,79.0,3,0
79.0,68.0,1,0
19.0,11.0,0,1
29.0,2.0,0,1
32.0,22.0,2,1
2.0,47.0,2,1
0.0,0.0,1,1
22.0,31.0,3,0
4.0,49.0,3,1
63.0,28.0,1,1
57.0,44.0,1,1
70.0,65.0,2,0
37.0,38.0,4,0
13.0,21.0,1,1
7.0,51.0,1,0
20.0,34.0,2,1
38.0,25.0,1,1
39.0,1.0,1,0
51.0,63.0,1,0
1.0,41.0,3,1
12.0,39.0,1,1
8.0,12.0,2,1
28.0,37.0,2,1
4.0,35.0,0,0
22.0,22.0,0,1
77.0,25.0,2,1
17.0,1.0,1,1
72.0,22.0,0,1
56.0,52.0,1,0
61.0,10.0,2,1
37.0,10.0,0,1
57.0,27.0,0,1
49.0,10.0,1,1
62.0,57.0,0,0
50.0,139.0,0,0
58.0,55.0,0,0
49.0,11.0,2,1
80.0,38.0,0,1
46.0,10.0,4,1
21.0,23.0,0,1
69.0,66.0,2,0
9.0,26.0,1,1
7.0,50.0,1,0
8.0,14.0,0,1
61.0,69.0,0,0
22.0,48.0,0,1
10.0,11.0,0,1
42.0,47.0,0,1
90.0,68.0,3,0
72.0,69.0,7,0
46.0,22.0,0,1
2.0,0.0,2,1
33.0,0.0,0,1
51.0,58.0,1,0
97.0,110.0,4,0
19.0,13.0,3,1
0.0,21.0,1,1
0.0,0.0,0,1
47.0,4.0,1,1
0.0,0.0,1,1
100.0,97.0,9,0
0.0,0.0,2,1
81.0,85.0,3,0
92.0,66.0,1,0
94.0,94.0,9,0
102.0,69.0,9,0
109.0,75.0,2,0
108.0,71.0,2,0
75.0,110.0,5,0
70.0,80.0,4,0
89.0,80.0,3,0
56.0,92.0,8,0
105.0,88.0,4,0
76.0,73.0,4,0
73.0,91.0,10,0
68.0,64.0,8,0
52.0,81.0,3,0
95.0,93.0,9,0
72.0,85.0,5,0
78.0,110.0,8,0
92.0,56.0,9,0
102.0,86.0,5,0
80.0,95.0,1,0
57.0,76.0,1,0
97.0,89.0,1,0
10.0,0.0,1,0
72.0,84.0,8,0
75.0,53.0,4,0
88.0,66.0,1,0
74.0,69.0,9,0
98.0,93.0,2,0
104.0,88.0,8,0
56.0,95.0,1,0
64.0,97.0,10,0
70.0,55.0,7,0
75.0,109.0,3,0
103.0,81.0,5,0
69.0,79.0,2,0
57.0,33.0,0,1
0.0,0.0,0,1
0.0,0.0,3,1
0.0,0.0,0,1
0.0,0.0,1,1
0.0,0.0,1,1
49.0,3.0,1,1
54.0,38.0,1,1
30.0,6.0,0,1
7.0,13.0,1,1
19.0,36.0,1,1
0.0,0.0,1,1
37.0,31.0,2,1
0.0,0.0,1,1
0.0,0.0,1,1
5.0,41.0,0,1
23.0,4.0,8,1
16.0,31.0,0,1
15.0,0.0,4,1
0.0,0.0,1,1
0.0,0.0,1,1
60.0,0.0,1,1
0.0,0.0,1,1
7.0,11.0,1,1
0.0,0.0,1,1
0.0,0.0,0,1
0.0,0.0,1,1
0.0,0.0,0,1
34.0,0.0,0,1
75.0,21.0,1,1
0.0,0.0,2,1
0.0,0.0,1,1
0.0,0.0,2,1
74.0,21.0,0,1
0.0,0.0,1,1
0.0,0.0,0,1
0.0,0.0,1,1
63.0,46.0,1,1
0.0,20.0,3,1
0.0,0.0,1,1
0.0,38.0,1,1
0.0,0.0,1,1
43.0,11.0,1,1
15.0,46.0,1,1
20.0,32.0,1,1
0.0,5.0,0,1
36.0,44.0,1,1
13.0,34.0,1,1
56.0,0.0,4,1
18.0,29.0,0,1
0.0,0.0,0,1
0.0,0.0,3,1
24.0,18.0,1,1
0.0,0.0,1,1
53.0,14.0,0,1
12.0,77.0,0,1
16.0,63.0,1,1
17.0,50.0,2,1
21.0,53.0,0,1
90.0,50.0,2,0
37.0,50.0,1,1
36.0,71.0,2,1
23.0,15.0,0,1
19.0,53.0,3,1
13.0,36.0,1,1
19.0,54.0,2,1
13.0,13.0,1,1
41.0,60.0,1,1
58.0,71.0,0,0
22.0,50.0,0,1
22.0,23.0,1,1
38.0,63.0,3,1
31.0,65.0,1,1
49.0,60.0,2,1
30.0,70.0,2,1
27.0,57.0,2,1
34.0,42.0,3,1
17.0,79.0,1,1
58.0,73.0,1,1
33.0,17.0,4,1
9.0,19.0,1,1
17.0,60.0,1,1
19.0,4.0,2,1
56.0,59.0,1,0
52.0,41.0,3,1
17.0,43.0,1,1
21.0,9.0,2,1
50.0,74.0,2,0
18.0,5.0,1,1
54.0,64.0,1,0
20.0,50.0,0,1
37.0,4.0,0,1
58.0,48.0,2,1
17.0,42.0,1,1
16.0,46.0,2,1
11.0,6.0,0,1
52.0,76.0,4,0
46.0,31.0,0,1
42.0,13.0,3,1
43.0,39.0,4,1
52.0,9.0,1,1
58.0,26.0,1,1
9.0,17.0,1,1
1.0,40.0,2,1
57.0,29.0,1,1
42.0,18.0,2,1
19.0,16.0,2,1
71.0,4.0,1,1
41.0,35.0,3,1
55.0,10.0,0,1
56.0,53.0,1,0
37.0,42.0,0,1
54.0,38.0,1,1
52.0,33.0,0,1
48.0,44.0,1,1
26.0,38.0,1,1
56.0,23.0,3,1
67.0,18.0,1,1
77.0,59.0,1,0
31.0,18.0,5,1
45.0,19.0,1,1
52.0,50.0,1,1
48.0,0.0,4,1
48.0,34.0,0,1
21.0,20.0,4,1
54.0,28.0,1,1
50.0,17.0,1,1
48.0,28.0,2,1
46.0,52.0,0,0
65.0,46.0,2,1
49.0,3.0,1,1
53.0,27.0,8,1
68.0,39.0,2,1
79.0,60.0,1,0
52.0,19.0,1,1
60.0,52.0,4,0
77.0,50.0,1,1
59.0,41.0,3,1
48.0,42.0,1,1
53.0,7.0,2,1
76.0,6.0,1,1
74.0,72.0,1,0
53.0,48.0,2,1
0.0,28.0,0,1
0.0,24.0,4,1
45.0,78.0,3,0
0.0,0.0,0,1
0.0,0.0,0,1
6.0,0.0,4,1
0.0,0.0,1,1
0.0,0.0,0,1
19.0,0.0,1,1
17.0,30.0,0,1
15.0,0.0,1,1
19.0,47.0,0,1
0.0,27.0,0,1
0.0,0.0,1,1
0.0,21.0,3,1
66.0,7.0,5,1
18.0,0.0,0,1
0.0,0.0,1,1
43.0,42.0,1,1
0.0,0.0,1,1
87.0,100.0,1,0
1.0,23.0,3,1
10.0,18.0,2,1
0.0,0.0,1,1
39.0,6.0,0,1
0.0,0.0,4,1
0.0,0.0,0,1
34.0,15.0,0,1
0.0,1.0,2,1
0.0,0.0,0,1
0.0,0.0,1,1
2.0,0.0,1,1
0.0,0.0,3,1
0.0,0.0,1,1
0.0,0.0,1,1
0.0,0.0,1,1
0.0,0.0,1,1
16.0,0.0,1,1
37.0,0.0,1,1
0.0,0.0,1,1
0.0,0.0,1,1
0.0,0.0,1,1
11.0,0.0,1,1
36.0,0.0,1,1
25.0,0.0,2,1
2.0,0.0,1,1
1.0,0.0,4,1
0.0,0.0,1,1
17.0,0.0,3,1
17.0,16.0,0,1
41.0,11.0,1,1
0.0,13.0,4,1
0.0,0.0,0,1
3.0,31.0,2,1
21.0,0.0,0,1
93.0,92.0,2,0
0.0,34.0,1,1
30.0,8.0,2,1
0.0,0.0,0,1
0.0,0.0,2,1
72.0,99.0,2,0
0.0,0.0,0,1
0.0,0.0,0,1
0.0,0.0,1,1
0.0,0.0,0,1
0.0,0.0,2,1
0.0,0.0,1,1
0.0,0.0,0,1
0.0,0.0,1,1
0.0,0.0,2,1
0.0,0.0,1,1
0.0,1.0,2,1
42.0,26.0,2,1
13.0,24.0,1,1
4.0,35.0,1,1
0.0,0.0,0,1
0.0,0.0,1,1
0.0,0.0,1,1
0.0,0.0,0,1
22.0,28.0,1,1
32.0,39.0,1,1
14.0,10.0,0,1
29.0,34.0,2,1
0.0,0.0,0,1
32.0,22.0,1,1
55.0,31.0,3,1
61.0,42.0,1,1
57.0,0.0,1,1
7.0,30.0,4,1
37.0,12.0,2,1
66.0,63.0,1,0
0.0,0.0,2,1
28.0,46.0,0,1
43.0,11.0,1,1
15.0,26.0,1,1
22.0,20.0,2,1
48.0,40.0,1,1
12.0,37.0,1,1
0.0,0.0,3,1
2.0,5.0,1,1
14.0,17.0,4,1
47.0,13.0,3,1
0.0,0.0,1,1
0.0,0.0,2,1
0.0,0.0,1,1
0.0,0.0,0,1
0.0,0.0,1,1
0.0,0.0,1,1
5.0,1.0,2,1
0.0,0.0,1,1
0.0,0.0,1,1
44.0,0.0,1,1
0.0,0.0,1,1
3.0,0.0,1,1
11.0,1.0,1,1
24.0,0.0,0,1
22.0,0.0,0,1
0.0,0.0,2,1
14.0,0.0,2,1
0.0,0.0,0,1
0.0,0.0,2,1
0.0,0.0,2,1
1.0,16.0,1,1
31.0,24.0,1,1
0.0,0.0,3,1
17.0,26.0,2,1
0.0,0.0,1,1
2.0,0.0,1,1
0.0,0.0,2,1
0.0,31.0,0,1
0.0,0.0,1,1
0.0,0.0,3,1
0.0,0.0,0,1
0.0,0.0,1,1
0.0,34.0,2,1
0.0,0.0,2,1
0.0,0.0,2,1
5.0,0.0,4,1
0.0,25.0,1,1
0.0,36.0,2,1
0.0,0.0,2,1
0.0,40.0,1,1
0.0,5.0,2,1
24.0,0.0,2,1
3.0,0.0,0,1
29.0,0.0,1,1
42.0,26.0,0,1
47.0,47.0,1,1
48.0,20.0,2,1
13.0,49.0,4,1
0.0,18.0,0,1
37.0,7.0,1,1
24.0,31.0,3,1
0.0,19.0,1,1
0.0,0.0,3,1
0.0,0.0,3,1
0.0,42.0,1,1
0.0,49.0,3,1
0.0,0.0,1,1
0.0,0.0,1,1
0.0,0.0,3,1
0.0,2.0,1,1
0.0,0.0,1,1
38.0,0.0,1,1
0.0,14.0,2,1
30.0,0.0,0,1
48.0,0.0,0,1
0.0,11.0,3,1
0.0,0.0,2,1
0.0,18.0,0,1
0.0,24.0,2,1
0.0,29.0,1,1
0.0,0.0,1,1
36.0,0.0,1,1
0.0,0.0,2,1
30.0,11.0,1,1
47.0,36.0,1,1
19.0,27.0,1,1
16.0,24.0,1,1
4.0,29.0,1,1
0.0,0.0,1,1
0.0,0.0,2,1
47.0,0.0,2,1
0.0,0.0,1,1
19.0,25.0,1,1
56.0,56.0,2,0
3.0,5.0,1,1
9.0,12.0,1,1
30.0,0.0,1,1
73.0,40.0,0,1
71.0,26.0,1,1
28.0,23.0,0,1
13.0,65.0,0,1
54.0,15.0,2,1
47.0,34.0,0,1
24.0,1.0,0,1
32.0,29.0,1,1
15.0,21.0,2,0
0.0,0.0,1,1
23.0,0.0,1,1
72.0,42.0,3,1
37.0,27.0,1,1
47.0,0.0,3,1
24.0,30.0,1,1
61.0,0.0,1,1
39.0,0.0,2,1
38.0,0.0,0,1
57.0,22.0,1,1
0.0,0.0,1,1
38.0,6.0,3,1
62.0,14.0,5,1
26.0,0.0,1,1
33.0,66.0,0,1
29.0,73.0,1,1
0.0,0.0,0,1
63.0,41.0,4,1
12.0,67.0,2,1
4.0,11.0,3,1
0.0,0.0,2,1
15.0,35.0,3,1
36.0,70.0,2,1
33.0,12.0,2,1
65.0,42.0,1,1
0.0,6.0,4,1
25.0,72.0,1,1
38.0,50.0,0,1
50.0,13.0,1,1
0.0,0.0,0,1
7.0,35.0,1,1
19.0,2.0,1,1
37.0,20.0,1,1
42.0,46.0,3,1
0.0,0.0,3,1
0.0,0.0,0,1
40.0,6.0,3,1
11.0,37.0,1,1
33.0,34.0,0,1
2.0,45.0,0,1
45.0,41.0,4,1
44.0,8.0,2,1
8.0,44.0,1,1
23.0,22.0,4,1
2.0,19.0,2,1
24.0,28.0,0,1
9.0,20.0,6,1
0.0,38.0,1,1
27.0,29.0,2,1
10.0,19.0,1,1
34.0,16.0,4,1
3.0,25.0,2,1
96.0,93.0,10,0
46.0,18.0,2,1
3.0,44.0,0,1
22.0,6.0,2,1
28.0,23.0,1,1
0.0,0.0,3,1
0.0,0.0,4,1
0.0,0.0,1,1
12.0,2.0,0,1
0.0,0.0,3,1
0.0,0.0,0,1
0.0,0.0,2,1
68.0,41.0,3,1
0.0,0.0,1,1
0.0,0.0,2,1
9.0,16.0,3,1
0.0,0.0,0,1
0.0,0.0,0,1
53.0,48.0,3,1
0.0,0.0,1,1
0.0,0.0,1,1
0.0,0.0,2,1
0.0,0.0,3,1
0.0,0.0,2,1
0.0,6.0,1,1
0.0,0.0,1,1
0.0,26.0,1,1
0.0,0.0,0,1
0.0,20.0,0,1
0.0,0.0,1,1
0.0,16.0,2,1
0.0,46.0,2,1
0.0,0.0,1,1
0.0,0.0,1,1
0.0,0.0,1,1
71.0,65.0,7,0
1.0,1.0,2,1
0.0,0.0,0,1
14.0,0.0,0,1
0.0,0.0,1,1
9.0,0.0,5,1
0.0,0.0,1,1
11.0,0.0,4,1
0.0,0.0,4,1
0.0,0.0,2,1
34.0,0.0,2,1
5.0,0.0,0,1
86.0,93.0,4,0
0.0,0.0,2,1
0.0,0.0,1,1
63.0,89.0,1,0
67.0,62.0,10,0
49.0,10.0,0,1
0.0,0.0,3,1
36.0,5.0,1,1
77.0,78.0,3,0
0.0,0.0,5,1
70.0,90.0,10,0
0.0,0.0,1,1
62.0,67.0,2,0
86.0,81.0,1,0
3.0,43.0,3,1
90.0,62.0,4,0
38.0,33.0,2,0
40.0,0.0,1,1
94.0,95.0,3,0
61.0,64.0,5,0
70.0,83.0,8,0
33.0,30.0,2,1
10.0,49.0,0,1
5.0,36.0,1,1
25.0,49.0,3,1
21.0,27.0,8,0
22.0,35.0,0,1
47.0,49.0,1,1
79.0,10.0,0,1
77.0,21.0,1,1
7.0,4.0,1,1
5.0,45.0,1,1
32.0,33.0,1,1
23.0,14.0,8,0
49.0,6.0,0,1
22.0,8.0,0,1
15.0,40.0,3,0
55.0,70.0,1,0
29.0,12.0,0,1
52.0,45.0,2,1
3.0,6.0,2,1
69.0,64.0,0,0
8.0,49.0,1,1
55.0,63.0,0,0
39.0,34.0,0,0
24.0,12.0,0,1
75.0,66.0,1,0
62.0,55.0,1,0
66.0,73.0,0,0
62.0,19.0,1,1
29.0,41.0,1,1
28.0,1.0,0,1
68.0,7.0,0,1
13.0,20.0,1,1
2.0,27.0,1,1
69.0,14.0,1,1
61.0,55.0,1,0
22.0,32.0,2,1
3.0,30.0,1,1
9.0,2.0,1,1
6.0,3.0,1,1
14.0,7.0,1,1
61.0,5.0,6,1
21.0,24.0,0,1
15.0,25.0,1,1
47.0,13.0,1,1
2.0,41.0,0,0
15.0,49.0,1,1
66.0,6.0,0,1
4.0,11.0,0,1
19.0,35.0,1,1
22.0,14.0,0,0
23.0,28.0,4,1
25.0,21.0,1,1
53.0,5.0,1,1
44.0,37.0,2,1
46.0,3.0,1,1
6.0,35.0,0,1
76.0,97.0,4,0
64.0,14.0,0,1
32.0,34.0,0,1
26.0,11.0,1,1
10.0,33.0,1,1
53.0,21.0,1,1
69.0,76.0,1,0
19.0,50.0,0,1
76.0,1.0,2,1
44.0,34.0,1,1
80.0,50.0,2,0
12.0,24.0,0,1
4.0,24.0,2,0
21.0,12.0,1,1
50.0,5.0,2,1
58.0,32.0,1,1
69.0,15.0,0,1
27.0,43.0,2,1
42.0,24.0,3,1
35.0,23.0,1,1
59.0,81.0,0,0
35.0,34.0,0,1
68.0,22.0,1,1
50.0,92.0,1,1
13.0,21.0,0,1
16.0,34.0,0,1
36.0,23.0,1,1
67.0,63.0,1,0
79.0,87.0,1,0
46.0,46.0,1,1
11.0,22.0,0,1
21.0,14.0,1,1
14.0,23.0,1,1
45.0,25.0,0,1
51.0,53.0,0,0
27.0,15.0,0,1
21.0,36.0,6,1
42.0,0.0,1,1
51.0,0.0,1,1
76.0,104.0,2,0
82.0,36.0,1,1
0.0,0.0,0,1
5.0,0.0,1,1
0.0,0.0,0,1
27.0,0.0,5,1
0.0,0.0,2,1
41.0,8.0,0,1
0.0,0.0,1,1
29.0,0.0,1,1
69.0,30.0,1,1
0.0,0.0,0,1
33.0,30.0,1,1
76.0,33.0,0,1
78.0,35.0,1,1
0.0,0.0,1,1
101.0,64.0,1,0
108.0,22.0,0,0
5.0,31.0,2,1
0.0,0.0,2,1
21.0,0.0,1,1
13.0,26.0,0,1
41.0,5.0,1,1
83.0,23.0,2,1
78.0,25.0,0,1
15.0,43.0,2,1
0.0,0.0,3,1
66.0,88.0,2,0
0.0,0.0,1,1
4.0,30.0,2,1
73.0,52.0,5,0
55.0,0.0,3,0
110.0,104.0,4,0
0.0,0.0,2,1
0.0,0.0,1,1
19.0,0.0,2,1
3.0,0.0,1,1
3.0,31.0,1,1
41.0,8.0,2,1
0.0,0.0,2,1
87.0,86.0,2,0
102.0,63.0,3,0
0.0,0.0,0,1
99.0,110.0,0,0
0.0,0.0,2,1
58.0,0.0,4,1
0.0,0.0,0,1
0.0,0.0,3,1
7.0,40.0,1,1
60.0,39.0,1,1
6.0,0.0,1,1
0.0,0.0,3,1
1.0,0.0,4,0
0.0,0.0,2,1
10.0,40.0,2,1
1.0,0.0,0,1
103.0,70.0,8,0
69.0,76.0,4,0
0.0,0.0,0,1
0.0,0.0,1,1
0.0,0.0,2,1
0.0,0.0,0,1
0.0,0.0,3,1
83.0,79.0,4,0
47.0,8.0,1,1
80.0,98.0,8,0
31.0,4.0,0,1
0.0,0.0,0,1
50.0,100.0,10,0
53.0,39.0,0,1
42.0,23.0,3,1
32.0,0.0,1,1
91.0,67.0,3,0
87.0,107.0,8,0
0.0,14.0,2,1
0.0,0.0,1,1
110.0,75.0,2,0
106.0,83.0,8,0
0.0,33.0,1,1
48.0,0.0,1,1
79.0,90.0,4,0
0.0,41.0,1,1
0.0,6.0,1,1
0.0,42.0,0,1
107.0,87.0,3,0
28.0,11.0,2,1
83.0,82.0,1,0
0.0,0.0,1,1
0.0,0.0,2,1
62.0,62.0,5,0
0.0,0.0,1,1
88.0,105.0,4,0
71.0,82.0,5,0
98.0,50.0,7,0
106.0,76.0,7,0
14.0,44.0,1,1
22.0,15.0,0,1
40.0,25.0,2,1
7.0,13.0,1,1
57.0,58.0,7,0
54.0,108.0,8,0
0.0,0.0,2,1
60.0,69.0,10,0
31.0,19.0,1,1
110.0,78.0,3,0
60.0,27.0,2,1
23.0,43.0,2,1
11.0,58.0,2,1
4.0,20.0,1,1
46.0,65.0,1,1
6.0,41.0,1,1
37.0,80.0,2,1
4.0,44.0,1,1
50.0,66.0,2,1
56.0,47.0,2,1
1.0,46.0,2,1
15.0,65.0,2,1
17.0,63.0,2,1
32.0,42.0,1,1
71.0,79.0,1,0
10.0,17.0,1,1
50.0,48.0,2,1
88.0,66.0,2,0
56.0,64.0,6,0
33.0,3.0,2,1
42.0,48.0,2,1
34.0,6.0,0,1
82.0,66.0,1,0
39.0,2.0,1,1
57.0,71.0,0,0
56.0,66.0,1,0
58.0,41.0,2,1
16.0,3.0,0,1
28.0,2.0,2,1
33.0,1.0,1,1
56.0,58.0,2,0
56.0,77.0,0,0
59.0,74.0,0,0
13.0,4.0,0,1
16.0,48.0,0,1
23.0,8.0,2,1
41.0,48.0,2,1
51.0,58.0,1,0
14.0,48.0,0,1
54.0,55.0,1,0
16.0,17.0,3,1
41.0,7.0,0,1
26.0,12.0,1,1
66.0,42.0,1,1
10.0,2.0,2,1
65.0,52.0,3,0
57.0,4.0,6,1
71.0,32.0,1,1
45.0,6.0,1,1
49.0,34.0,1,1
17.0,17.0,2,1
72.0,7.0,1,1
79.0,51.0,1,0
76.0,23.0,1,1
78.0,58.0,1,0
61.0,13.0,0,1
42.0,38.0,0,1
71.0,14.0,1,1
62.0,55.0,1,0
75.0,36.0,2,1
63.0,42.0,3,1
61.0,28.0,4,1
61.0,30.0,5,1
42.0,23.0,1,1
79.0,59.0,1,0
43.0,49.0,1,1
69.0,33.0,1,1
56.0,16.0,2,1
76.0,29.0,1,1
16.0,51.0,1,0
57.0,21.0,1,1
58.0,15.0,1,0
50.0,45.0,1,0
63.0,43.0,1,0
50.0,25.0,1,0
43.0,49.0,4,0
67.0,56.0,8,0
41.0,23.0,1,1
61.0,14.0,1,0
58.0,50.0,1,1
60.0,12.0,1,1
42.0,20.0,1,1
74.0,31.0,7,1
61.0,17.0,2,1
77.0,31.0,1,1
55.0,14.0,1,1
62.0,39.0,1,1
79.0,47.0,1,1
67.0,41.0,2,0
50.0,52.0,1,0
0.0,26.0,4,1
74.0,46.0,2,1
51.0,23.0,1,0
60.0,5.0,0,1
0.0,9.0,2,1
0.0,30.0,1,1
42.0,0.0,2,1
0.0,0.0,1,1
26.0,0.0,1,1
37.0,0.0,0,1
33.0,0.0,4,1
0.0,0.0,2,1
0.0,0.0,3,1
0.0,0.0,2,1
1.0,0.0,6,1
0.0,0.0,1,1
0.0,0.0,4,1
0.0,0.0,1,1
0.0,0.0,0,1
15.0,36.0,3,1
16.0,21.0,1,1
0.0,0.0,2,1
36.0,8.0,0,1
0.0,0.0,1,1
0.0,0.0,1,1
0.0,0.0,1,1
14.0,29.0,1,1
13.0,0.0,3,1
22.0,0.0,1,1
27.0,20.0,2,1
0.0,0.0,1,1
0.0,0.0,0,1
0.0,1.0,0,1
2.0,0.0,0,1
0.0,0.0,2,1
0.0,0.0,0,1
2.0,0.0,1,1
0.0,0.0,0,1
0.0,0.0,1,1
0.0,0.0,1,1
0.0,0.0,3,1
79.0,84.0,1,0
0.0,0.0,3,1
0.0,0.0,5,1
0.0,0.0,1,1
0.0,0.0,1,1
0.0,0.0,1,1
0.0,0.0,2,1
0.0,0.0,2,1
0.0,0.0,1,1
0.0,0.0,2,1
0.0,0.0,2,1
11.0,41.0,2,1
5.0,0.0,2,1
0.0,0.0,2,1
25.0,29.0,2,1
0.0,0.0,1,1
40.0,39.0,3,1
10.0,39.0,2,1
16.0,17.0,1,1
0.0,1.0,3,1
44.0,6.0,1,1
24.0,5.0,0,1
0.0,0.0,1,1
0.0,0.0,1,1
4.0,0.0,0,1
1.0,0.0,3,1
40.0,33.0,2,1
0.0,0.0,1,1
19.0,27.0,0,1
31.0,20.0,3,1
0.0,0.0,1,1
0.0,0.0,1,1
39.0,32.0,1,1
12.0,7.0,1,1
22.0,39.0,1,1
6.0,44.0,1,1
0.0,0.0,0,1
55.0,38.0,1,1
0.0,0.0,1,1
33.0,41.0,1,1
41.0,32.0,1,1
0.0,0.0,2,1
0.0,0.0,1,1
21.0,35.0,1,1
6.0,11.0,2,1
3.0,23.0,1,1
28.0,12.0,1,1
2.0,15.0,2,1
67.0,63.0,3,0
56.0,62.0,2,0
44.0,38.0,2,1
70.0,51.0,1,0
15.0,2.0,3,1
6.0,49.0,2,1
58.0,8.0,2,1
54.0,20.0,3,1
0.0,0.0,2,1
0.0,0.0,2,1
11.0,43.0,2,1
52.0,13.0,0,1
46.0,28.0,2,1
0.0,0.0,3,1
0.0,0.0,1,1
0.0,0.0,0,1
0.0,0.0,1,1
0.0,0.0,1,1
0.0,0.0,0,1
32.0,0.0,0,1
13.0,0.0,1,1
0.0,0.0,2,1
0.0,0.0,0,1
21.0,0.0,1,1
9.0,0.0,0,1
0.0,0.0,1,1
0.0,0.0,2,1
28.0,0.0,1,1
6.0,0.0,2,1
0.0,0.0,3,1
0.0,0.0,3,1
0.0,0.0,2,1
2.0,0.0,0,1
0.0,0.0,1,1
0.0,0.0,1,1
0.0,0.0,1,1
41.0,0.0,1,1
0.0,0.0,2,1
0.0,0.0,1,1
0.0,0.0,1,1
0.0,41.0,1,1
0.0,32.0,1,1
0.0,45.0,2,1
0.0,26.0,1,1
12.0,43.0,1,1
0.0,6.0,3,1
0.0,9.0,1,1
0.0,0.0,1,1
0.0,0.0,1,1
5.0,0.0,1,1
0.0,0.0,0,1
10.0,21.0,0,1
44.0,44.0,1,1
0.0,0.0,1,1
14.0,1.0,3,1
4.0,0.0,3,1
0.0,0.0,1,1
0.0,0.0,1,1
0.0,0.0,2,1
1.0,14.0,2,1
0.0,0.0,1,1
40.0,30.0,1,1
26.0,46.0,2,1
0.0,27.0,0,1
15.0,0.0,1,1
35.0,0.0,1,1
0.0,9.0,3,1
17.0,0.0,1,1
0.0,44.0,1,1
0.0,0.0,0,1
0.0,38.0,2,1
0.0,0.0,1,1
5.0,1.0,2,1
21.0,33.0,2,1
34.0,38.0,1,1
10.0,0.0,2,1
0.0,16.0,1,1
2.0,35.0,1,1
0.0,0.0,3,1
0.0,0.0,1,1
0.0,0.0,3,1
0.0,28.0,1,1
0.0,40.0,2,1
35.0,0.0,1,1
0.0,33.0,2,1
0.0,0.0,3,1
0.0,0.0,1,1
0.0,16.0,2,1
33.0,0.0,2,1
0.0,35.0,2,1
0.0,1.0,2,1
14.0,0.0,1,1
3.0,0.0,4,1
0.0,0.0,2,1
37.0,0.0,2,1
47.0,0.0,1,1
32.0,0.0,2,1
58.0,70.0,2,0
50.0,2.0,1,1
31.0,31.0,1,1
18.0,23.0,1,1
23.0,17.0,2,1
17.0,70.0,1,1
10.0,4.0,1,1
64.0,40.0,1,1
16.0,52.0,1,1
54.0,52.0,3,1
55.0,61.0,3,1
15.0,26.0,1,1
36.0,5.0,3,1
7.0,70.0,1,1
35.0,64.0,1,1
39.0,12.0,3,1
16.0,45.0,1,1
32.0,57.0,1,1
26.0,47.0,1,1
63.0,47.0,2,1
20.0,29.0,2,1
44.0,33.0,1,1
61.0,29.0,1,1
42.0,8.0,1,1
41.0,64.0,1,1
0.0,35.0,0,1
0.0,36.0,1,1
0.0,0.0,2,1
18.0,27.0,3,0
0.0,1.0,3,1
0.0,0.0,4,1
0.0,0.0,0,1
7.0,8.0,0,1
0.0,0.0,1,1
0.0,23.0,0,1
0.0,0.0,2,1
21.0,0.0,4,1
41.0,0.0,0,1
37.0,0.0,2,1
50.0,0.0,2,1
0.0,0.0,1,1
10.0,47.0,0,1
47.0,5.0,1,1
43.0,47.0,1,1
0.0,0.0,0,1
12.0,18.0,1,1
38.0,0.0,1,1
0.0,0.0,1,1
2.0,0.0,2,1
0.0,0.0,4,1
1.0,0.0,1,1
0.0,0.0,2,1
0.0,0.0,6,1
0.0,0.0,1,1
1.0,0.0,1,1
0.0,0.0,1,1
2.0,15.0,3,1
13.0,8.0,2,1
0.0,0.0,3,1
63.0,19.0,1,1
8.0,46.0,4,1
45.0,50.0,2,1
65.0,57.0,1,0
0.0,0.0,0,1
0.0,0.0,1,1
0.0,0.0,1,1
0.0,3.0,3,1
0.0,0.0,1,1
0.0,0.0,1,1
2.0,0.0,1,1
0.0,0.0,1,1
0.0,0.0,2,1
0.0,13.0,1,1
0.0,0.0,1,1
0.0,0.0,0,1
0.0,0.0,1,1
0.0,35.0,1,1
0.0,0.0,0,1
0.0,0.0,2,1
0.0,0.0,5,1
0.0,0.0,1,1
0.0,0.0,1,1
31.0,0.0,0,1
1.0,19.0,3,1
8.0,0.0,0,1
97.0,78.0,6,0
0.0,0.0,0,1
0.0,0.0,1,1
85.0,87.0,5,0
0.0,0.0,1,1
6.0,45.0,2,1
14.0,7.0,2,1
32.0,46.0,2,1
66.0,77.0,1,0
74.0,98.0,4,0
0.0,0.0,1,1
4.0,0.0,1,1
62.0,90.0,5,0
0.0,0.0,0,1
0.0,0.0,1,1
0.0,0.0,0,1
75.0,82.0,5,0
78.0,97.0,9,0
18.0,27.0,1,1
64.0,67.0,7,0
75.0,88.0,2,0
34.0,23.0,0,0
13.0,8.0,3,1
22.0,1.0,1,1
41.0,35.0,5,1
1.0,17.0,0,1
51.0,78.0,1,0
4.0,38.0,0,1
12.0,34.0,4,0
8.0,34.0,2,1
20.0,12.0,9,0
19.0,19.0,1,0
32.0,10.0,10,0
66.0,44.0,0,1
10.0,26.0,1,1
38.0,37.0,0,1
5.0,49.0,2,1
33.0,1.0,2,1
63.0,42.0,0,0
13.0,2.0,0,1
31.0,2.0,0,1
57.0,53.0,1,0
60.0,45.0,1,1
10.0,9.0,0,1
20.0,30.0,0,1
75.0,61.0,2,0
21.0,13.0,4,1
57.0,28.0,3,1
78.0,52.0,1,0
33.0,3.0,0,1
62.0,47.0,1,0
2.0,50.0,1,1
57.0,67.0,0,0
49.0,38.0,0,1
74.0,10.0,0,1
22.0,41.0,4,1
54.0,65.0,0,0
33.0,46.0,0,1
27.0,30.0,1,1
62.0,4.0,0,1
76.0,52.0,3,0
4.0,1.0,3,1
21.0,22.0,0,1
61.0,75.0,1,0
47.0,40.0,0,1
65.0,63.0,0,0
56.0,35.0,0,0
22.0,3.0,0,1
60.0,2.0,1,1
50.0,50.0,1,1
19.0,30.0,0,1
57.0,34.0,0,1
70.0,42.0,0,0
67.0,56.0,3,0
18.0,33.0,1,1
76.0,52.0,1,0
21.0,35.0,2,1
3.0,33.0,1,1
78.0,52.0,1,0
75.0,57.0,0,0
36.0,35.0,0,1
4.0,39.0,2,1
65.0,31.0,1,0
67.0,39.0,0,1
62.0,39.0,1,1
11.0,10.0,0,1
14.0,23.0,0,1
66.0,75.0,1,0
48.0,45.0,1,0
12.0,62.0,0,0
13.0,13.0,1,1
3.0,11.0,1,1
68.0,22.0,2,1
11.0,27.0,0,1
40.0,33.0,0,1
52.0,67.0,1,0
21.0,30.0,5,1
43.0,37.0,0,1
52.0,4.0,1,1
27.0,39.0,0,1
41.0,23.0,0,1
2.0,46.0,1,1
16.0,0.0,0,1
76.0,83.0,1,0
18.0,50.0,0,1
71.0,41.0,0,0
11.0,32.0,0,1
33.0,31.0,1,1
43.0,138.0,2,1
72.0,109.0,0,0
0.0,27.0,1,1
75.0,77.0,0,0
68.0,49.0,0,0
87.0,28.0,0,1
59.0,39.0,2,1
75.0,58.0,1,0
26.0,14.0,0,1
74.0,55.0,1,0
48.0,22.0,2,1
38.0,36.0,0,0
12.0,1.0,1,1
49.0,31.0,1,1
0.0,0.0,1,1
20.0,29.0,2,1
117.0,29.0,0,1
62.0,90.0,1,0
57.0,87.0,0,0
80.0,41.0,1,0
59.0,0.0,1,1
61.0,56.0,1,0
0.0,0.0,1,1
75.0,88.0,2,0
0.0,0.0,5,1
0.0,0.0,4,1
10.0,0.0,2,1
0.0,0.0,5,1
43.0,0.0,0,1
0.0,0.0,0,1
94.0,92.0,6,0
36.0,0.0,4,1
0.0,0.0,2,1
0.0,0.0,2,1
0.0,0.0,0,1
0.0,0.0,0,1
0.0,0.0,1,1
0.0,0.0,0,1
0.0,0.0,1,1
0.0,0.0,1,1
32.0,38.0,1,1
0.0,0.0,1,1
82.0,101.0,7,0
45.0,41.0,5,1
68.0,91.0,1,0
0.0,0.0,0,1
67.0,73.0,1,0
85.0,67.0,2,0
62.0,102.0,1,0
71.0,81.0,0,0
55.0,109.0,1,0
13.0,0.0,1,1
0.0,0.0,3,1
6.0,1.0,0,1
53.0,0.0,2,1
0.0,0.0,1,1
33.0,9.0,3,1
42.0,9.0,2,1
65.0,89.0,6,0
45.0,0.0,1,0
0.0,0.0,1,1
0.0,0.0,6,1
0.0,0.0,1,1
0.0,0.0,1,1
21.0,9.0,1,1
33.0,19.0,1,1
9.0,30.0,1,1
4.0,46.0,1,1
87.0,92.0,7,0
6.0,2.0,1,1
71.0,54.0,4,0
0.0,0.0,0,1
28.0,7.0,0,1
0.0,0.0,4,1
66.0,82.0,4,0
0.0,0.0,2,1
60.0,60.0,4,0
3.0,6.0,3,1
0.0,0.0,4,1
0.0,0.0,0,1
68.0,78.0,7,0
95.0,66.0,8,0
41.0,0.0,1,1
9.0,0.0,0,1
40.0,0.0,0,1
0.0,0.0,1,1
0.0,44.0,1,1
104.0,87.0,9,0
97.0,97.0,5,0
107.0,77.0,1,0
51.0,58.0,5,0
30.0,2.0,3,1
23.0,48.0,0,1
28.0,31.0,1,1
0.0,0.0,2,1
53.0,4.0,1,1
0.0,0.0,1,1
96.0,96.0,9,0
108.0,54.0,4,0
39.0,7.0,0,1
59.0,49.0,2,1
2.0,26.0,1,1
36.0,29.0,1,1
24.0,3.0,1,1
86.0,102.0,4,0
66.0,95.0,3,0
60.0,53.0,0,1
9.0,27.0,1,1
51.0,63.0,4,0
88.0,77.0,8,0
100.0,60.0,8,0
0.0,0.0,1,1
81.0,103.0,1,0
60.0,100.0,3,0
8.0,14.0,1,1
21.0,0.0,1,1
0.0,23.0,0,1
0.0,37.0,0,1
42.0,4.0,0,1
64.0,20.0,0,1
28.0,32.0,0,1
24.0,10.0,0,1
61.0,10.0,0,1
61.0,47.0,0,1
0.0,7.0,0,1
84.0,52.0,5,0
89.0,99.0,4,0
2.0,34.0,0,1
5.0,1.0,0,1
9.0,2.0,0,1
24.0,16.0,0,1
56.0,62.0,0,0
9.0,35.0,0,1
55.0,60.0,0,0
23.0,17.0,0,1
2.0,43.0,0,1
74.0,85.0,0,0
31.0,11.0,0,1
19.0,12.0,0,1
42.0,36.0,0,1
73.0,18.0,0,1
60.0,45.0,0,1
18.0,45.0,0,1
42.0,31.0,0,1
38.0,14.0,0,1
52.0,11.0,0,1
18.0,2.0,0,1
56.0,79.0,0,0
45.0,43.0,0,1
1.0,18.0,0,1
25.0,4.0,0,1
7.0,27.0,0,1
25.0,11.0,0,1
57.0,21.0,0,1
76.0,29.0,0,1
74.0,12.0,0,1
50.0,21.0,0,1
12.0,43.0,0,1
14.0,43.0,0,1
23.0,36.0,0,1
5.0,24.0,0,1
27.0,3.0,0,1
35.0,23.0,0,1
