<?xml version="1.0" encoding="UTF-8"?>
<beans xmlns="http://www.springframework.org/schema/beans"
       xmlns:xsi="http://www.w3.org/2001/XMLSchema-instance" xmlns:jpa="http://www.springframework.org/schema/data/jpa"
       xmlns:tx="http://www.springframework.org/schema/tx" xmlns:aop="http://www.springframework.org/schema/aop"
       xmlns:p="http://www.springframework.org/schema/p" xmlns:context="http://www.springframework.org/schema/context"
       xsi:schemaLocation="http://www.springframework.org/schema/beans http://www.springframework.org/schema/beans/spring-beans.xsd http://www.springframework.org/schema/data/jpa http://www.springframework.org/schema/data/jpa/spring-jpa.xsd http://www.springframework.org/schema/tx http://www.springframework.org/schema/tx/spring-tx.xsd http://www.springframework.org/schema/aop http://www.springframework.org/schema/aop/spring-aop.xsd http://www.springframework.org/schema/context http://www.springframework.org/schema/context/spring-context.xsd">

    <context:property-placeholder location="classpath:database.properties" ignore-unresolvable="true"/>

    <bean id="dataSource" class="org.apache.commons.dbcp.BasicDataSource"
          destroy-method="close" p:driverClassName="${jdbc.driverClassName}"
          p:url="${jdbc.url}" p:username="${jdbc.username}" p:password="${jdbc.password}"/>

    <bean id="entityManagerFactory"
          class="org.springframework.orm.jpa.LocalContainerEntityManagerFactoryBean">
        <property name="dataSource" ref="dataSource"/>
        <property name="packagesToScan" value="twitter"/>
        <property name="jpaVendorAdapter">
            <bean class="org.springframework.orm.jpa.vendor.HibernateJpaVendorAdapter">
                <property name="showSql" value="${hibernate.show_sql}"/>
                <property name="generateDdl" value="${hibernate.generateDdl}"/>
                <property name="databasePlatform" value="${hibernate.dialect}"/>
            </bean>
        </property>
        <property name="jpaProperties">
            <props>
                <prop key="hibernate.hbm2ddl.auto">${hibernate.hbm2ddl.auto}</prop>
                <prop key="hibernate.jdbc.batch_size">${hibernate.jdbc.batch_size}</prop>
            </props>
        </property>
        <property name="loadTimeWeaver">
            <bean class="org.springframework.instrument.classloading.InstrumentationLoadTimeWeaver"/>
        </property>
    </bean>

    <bean class="org.springframework.orm.jpa.support.PersistenceAnnotationBeanPostProcessor"/>

    <bean id="transactionManager" class="org.springframework.orm.jpa.JpaTransactionManager">
        <property name="entityManagerFactory" ref="entityManagerFactory"/>
        <property name="nestedTransactionAllowed" value="true"/>
    </bean>

    <bean id="persistenceExceptionTranslationPostProcessor"
          class="org.springframework.dao.annotation.PersistenceExceptionTranslationPostProcessor"/>

    <jpa:repositories base-package="twitter.repository"
                      entity-manager-factory-ref="entityManagerFactory" transaction-manager-ref="transactionManager"/>

    <tx:annotation-driven transaction-manager="transactionManager" proxy-target-class="true" mode="proxy"/>

    <!-- the transactional advice (what 'happens'; see the <aop:advisor/> bean below) -->
    <tx:advice id="txAdvice" transaction-manager="transactionManager">
        <!-- the transactional semantics... -->
        <tx:attributes>
            <!-- all methods starting with 'get' are read-only -->
            <tx:method name="get*" read-only="true"/>
            <tx:method name="find*" read-only="true"/>
            <!-- other methods use the default transaction settings (see below) -->
            <tx:method name="*" propagation="REQUIRED"/>
        </tx:attributes>
    </tx:advice>


    <aop:config>
        <aop:pointcut id="transactionAnnotatedClass"
                      expression="@within(org.springframework.transaction.annotation.Transactional)"/>
        <aop:advisor advice-ref="txAdvice" pointcut-ref="transactionAnnotatedClass"/>
    </aop:config>

</beans>