<beans xmlns:xsi="http://www.w3.org/2001/XMLSchema-instance"
       xmlns:aop="http://www.springframework.org/schema/aop"
       xmlns="http://www.springframework.org/schema/beans" xmlns:context="http://www.springframework.org/schema/context"
       xsi:schemaLocation="http://www.springframework.org/schema/beans
	http://www.springframework.org/schema/beans/spring-beans-3.0.xsd
	http://www.springframework.org/schema/aop
	http://www.springframework.org/schema/aop/spring-aop-3.0.xsd http://www.springframework.org/schema/context http://www.springframework.org/schema/context/spring-context.xsd">

    <aop:aspectj-autoproxy/>
    <context:component-scan base-package="twitter.nlp"/>

    <bean id="stanfordCoreNlp" class="edu.stanford.nlp.pipeline.StanfordCoreNLP">
        <constructor-arg>
            <map>
                <entry key="annotators" value="tokenize, ssplit, pos, lemma"/>
            </map>
        </constructor-arg>
    </bean>

    <bean id="senti" class="twitter.nlp.service.impl.SentimentAnalysis"/>
    <bean id="lemmat" class="twitter.nlp.service.impl.Lemmatize"/>
    <bean id="token" class="twitter.nlp.service.impl.Tokenizer"/>

    <!-- Aspect -->
    <!-- DISABLED, USES A LOT OF CONSOLE SPACE -->
    <!--<bean id="logAspect" class="nlp.aspect.LoggingAspect" />-->
</beans>