<?xml version="1.0" encoding="UTF-8"?>
<beans xmlns="http://www.springframework.org/schema/beans"
       xmlns:xsi="http://www.w3.org/2001/XMLSchema-instance"
       xmlns:jaxrs="http://cxf.apache.org/jaxrs" xmlns:context="http://www.springframework.org/schema/context"
       xsi:schemaLocation="http://www.springframework.org/schema/beans http://www.springframework.org/schema/beans/spring-beans.xsd
       http://cxf.apache.org/jaxrs http://cxf.apache.org/schemas/jaxrs.xsd http://www.springframework.org/schema/context http://www.springframework.org/schema/context/spring-context.xsd">

    <import resource="classpath:META-INF/twitter/applicationContext.xml"/>
    <import resource="classpath:META-INF/twitter/nlp/applicationContext.xml"/>
    <import resource="classpath:META-INF.twitter.login/applicationContext.xml"/>
    <import resource="classpath:META-INF/twitter/trend/applicationContext.xml"/>
    <import resource="classpath:META-INF/twitter/scrape/applicationContext.xml"/>

    <context:component-scan base-package="twitter.session"/>

    <bean id="rest" class="twitter.rest.RestApi"/>

    <bean id="login" class="twitter.rest.Login"/>

    <jaxrs:server id="restApi">
        <jaxrs:serviceBeans>
            <ref bean="rest"/>
            <ref bean="login"/>
        </jaxrs:serviceBeans>
    </jaxrs:server>

    <bean id="twitterLogin" class="twitter.login.login.impl.TwitterLoginClass">
        <constructor-arg name="consumerKey" value="${twitter.consumer.key}"/>
        <constructor-arg name="secretKey" value="${twitter.consumer.secret}"/>
    </bean>

    <bean class="org.springframework.beans.factory.config.CustomScopeConfigurer">
        <property name="scopes">
            <map>
                <entry key="session">
                    <bean class="org.springframework.context.support.SimpleThreadScope"/>
                </entry>
            </map>
        </property>
    </bean>

</beans>