Class,Retweets,Favorites,New_Feature
1,43,138,0
1,14,95,2
1,50,92,0
1,61,84,1
1,37,80,1
1,3,80,0
1,45,79,0
1,17,79,0
1,12,79,2
1,5,79,0
1,21,78,0
1,13,78,0
1,7,78,0
1,48,77,0
1,27,77,1
1,21,77,0
1,12,77,0
1,55,76,1
1,27,76,0
1,24,76,0
1,22,76,1
1,13,76,0
1,9,76,2
1,75,75,0
1,60,75,0
1,55,75,0
1,39,75,0
1,12,75,0
1,10,75,0
1,9,75,0
1,72,74,0
1,57,74,0
1,49,74,1
1,42,74,1
1,33,74,0
1,58,73,0
1,37,73,0
1,29,73,0
1,68,72,0
1,55,72,0
1,54,72,0
1,39,72,0
1,25,72,0
1,13,72,0
1,68,71,0
1,36,71,1
1,32,71,0
1,24,71,0
1,21,71,0
1,21,71,1
1,15,71,0
1,5,71,0
1,4,71,1
1,56,70,0
1,36,70,0
1,32,70,0
1,30,70,0
1,17,70,1
1,7,70,0
1,54,69,0
1,52,69,2
1,46,69,0
1,40,69,1
1,15,69,0
1,10,69,0
1,2,69,0
1,69,68,0
1,66,68,0
1,26,68,3
1,15,68,0
1,9,68,0
1,8,68,0
1,47,67,0
1,32,67,1
1,27,67,0
1,21,67,0
1,17,67,0
1,12,67,1
1,72,66,3
1,50,66,1
1,33,66,0
1,27,66,0
1,22,66,0
1,12,66,0
1,1,66,0
1,73,65,0
1,53,65,0
1,46,65,1
1,44,65,0
1,41,65,0
1,31,65,0
1,28,65,0
1,22,65,3
1,15,65,1
1,14,65,1
1,13,65,0
1,66,64,0
1,41,64,0
1,35,64,0
1,28,64,1
1,7,64,0
1,6,64,0
1,5,64,0
1,57,63,0
1,38,63,2
1,31,63,1
1,26,63,0
1,21,63,0
1,17,63,1
1,16,63,0
1,51,62,0
1,75,61,0
1,59,61,0
1,55,61,0
1,29,61,0
1,7,61,0
1,3,61,1
1,76,60,1
1,50,60,1
1,49,60,1
1,48,60,2
1,41,60,0
1,22,60,1
1,17,60,0
1,48,59,0
1,31,59,0
1,17,59,0
1,51,58,0
1,47,58,0
1,40,58,0
1,11,58,1
1,2,58,0
1,1,58,0
1,52,57,0
1,32,57,0
1,27,57,1
1,26,57,0
1,23,57,0
1,16,57,0
1,1,57,0
1,37,56,0
1,29,56,0
1,7,56,0
1,72,55,1
1,32,55,0
1,17,55,0
1,9,55,0
1,4,55,2
1,3,55,0
1,1,55,0
1,63,54,0
1,50,54,0
1,47,54,0
1,47,54,0
1,46,54,0
1,21,54,0
1,19,54,1
1,6,54,0
1,60,53,0
1,60,53,0
1,52,53,0
1,32,53,0
1,21,53,0
1,19,53,0
1,11,53,0
1,65,52,0
1,58,52,0
1,54,52,0
1,53,52,0
1,52,52,0
1,44,52,0
1,29,52,1
1,28,52,1
1,22,52,0
1,19,52,0
1,17,52,0
1,16,52,0
1,51,51,0
1,37,51,3
1,26,51,0
1,4,51,0
1,77,50,0
1,77,50,0
1,75,50,1
1,74,50,0
1,64,50,0
1,58,50,0
1,57,50,0
1,56,50,0
1,54,50,0
1,52,50,1
1,50,50,0
1,49,50,2
1,46,50,1
1,45,50,0
1,45,50,0
1,39,50,0
1,39,50,0
1,39,50,0
1,38,50,1
1,38,50,0
1,37,50,0
1,36,50,1
1,33,50,0
1,32,50,0
1,32,50,0
1,31,50,0
1,29,50,0
1,28,50,0
1,28,50,0
1,25,50,0
1,24,50,0
1,22,50,0
1,22,50,0
1,21,50,2
1,21,50,2
1,20,50,0
1,19,50,0
1,18,50,0
1,18,50,0
1,17,50,1
1,17,50,1
1,16,50,5
1,14,50,0
1,14,50,1
1,13,50,1
1,4,50,0
1,2,50,0
1,1,50,0
1,0,50,3
1,0,50,0
1,0,50,0
1,0,50,0
1,0,50,0
1,0,50,0
1,73,49,0
1,67,49,0
1,66,49,1
1,62,49,0
1,60,49,0
1,59,49,1
1,58,49,1
1,55,49,1
1,51,49,0
1,50,49,0
1,48,49,1
1,47,49,1
1,46,49,0
1,45,49,0
1,45,49,0
1,43,49,0
1,43,49,0
1,43,49,0
1,43,49,0
1,40,49,0
1,37,49,1
1,28,49,0
1,27,49,1
1,26,49,0
1,25,49,0
1,23,49,0
1,20,49,0
1,18,49,1
1,15,49,0
1,15,49,1
1,15,49,0
1,14,49,0
1,13,49,0
1,13,49,3
1,11,49,0
1,10,49,0
1,10,49,0
1,10,49,0
1,9,49,1
1,8,49,0
1,6,49,0
1,6,49,0
1,6,49,0
1,5,49,0
1,5,49,1
1,4,49,3
1,4,49,0
1,2,49,0
1,0,49,0
1,0,49,0
1,0,49,0
1,0,49,0
1,0,49,0
1,0,49,0
1,72,48,0
1,68,48,0
1,65,48,0
1,64,48,0
1,62,48,0
1,58,48,1
1,54,48,0
1,53,48,2
1,53,48,0
1,53,48,0
1,50,48,0
1,49,48,0
1,48,48,0
1,46,48,0
1,45,48,0
1,44,48,1
1,43,48,0
1,42,48,0
1,41,48,0
1,41,48,3
1,41,48,0
1,41,48,0
1,40,48,0
1,40,48,1
1,40,48,1
1,39,48,1
1,37,48,1
1,35,48,0
1,32,48,1
1,29,48,1
1,29,48,0
1,25,48,3
1,24,48,0
1,23,48,0
1,22,48,0
1,19,48,2
1,18,48,0
1,17,48,0
1,16,48,1
1,16,48,0
1,14,48,0
1,14,48,0
1,13,48,2
1,9,48,0
1,6,48,1
1,1,48,0
1,0,48,0
1,0,48,4
1,0,48,0
1,0,48,0
1,0,48,0
1,79,47,0
1,72,47,0
1,70,47,0
1,64,47,0
1,63,47,0
1,59,47,0
1,56,47,4
1,56,47,1
1,53,47,0
1,47,47,0
1,47,47,1
1,46,47,1
1,46,47,0
1,45,47,0
1,43,47,9
1,43,47,0
1,42,47,0
1,38,47,0
1,38,47,6
1,32,47,0
1,32,47,1
1,32,47,0
1,27,47,0
1,26,47,3
1,26,47,0
1,25,47,0
1,24,47,0
1,23,47,0
1,23,47,0
1,19,47,0
1,18,47,0
1,18,47,0
1,17,47,0
1,13,47,4
1,13,47,0
1,11,47,1
1,10,47,0
1,10,47,0
1,7,47,1
1,5,47,0
1,4,47,0
1,2,47,2
1,0,47,0
1,0,47,0
1,0,47,0
1,0,47,0
1,0,47,0
1,78,46,0
1,77,46,0
1,76,46,0
1,74,46,0
1,74,46,1
1,67,46,0
1,65,46,0
1,64,46,0
1,63,46,0
1,58,46,0
1,57,46,0
1,56,46,0
1,55,46,0
1,55,46,0
1,53,46,0
1,48,46,0
1,48,46,0
1,46,46,1
1,46,46,0
1,46,46,0
1,42,46,1
1,41,46,0
1,40,46,0
1,36,46,0
1,36,46,0
1,34,46,0
1,33,46,0
1,32,46,1
1,29,46,0
1,28,46,0
1,26,46,1
1,23,46,0
1,18,46,0
1,18,46,0
1,16,46,0
1,16,46,0
1,15,46,0
1,15,46,0
1,12,46,0
1,8,46,1
1,5,46,0
1,4,46,0
1,2,46,0
1,1,46,1
1,0,46,0
1,0,46,0
1,0,46,0
1,0,46,0
1,0,46,0
1,0,46,0
1,0,46,0
1,70,45,0
1,64,45,0
1,62,45,0
1,60,45,0
1,55,45,2
1,54,45,0
1,53,45,0
1,53,45,0
1,52,45,0
1,52,45,0
1,50,45,1
1,49,45,0
1,49,45,0
1,48,45,0
1,45,45,3
1,43,45,0
1,41,45,0
1,38,45,0
1,38,45,1
1,37,45,0
1,37,45,0
1,35,45,0
1,34,45,1
1,33,45,3
1,32,45,0
1,30,45,1
1,29,45,0
1,27,45,0
1,25,45,1
1,24,45,2
1,23,45,1
1,17,45,0
1,16,45,0
1,16,45,0
1,15,45,0
1,15,45,0
1,14,45,0
1,13,45,2
1,7,45,0
1,6,45,1
1,5,45,0
1,5,45,1
1,2,45,0
1,0,45,2
1,0,45,0
1,0,45,0
1,0,45,1
1,0,45,1
1,0,45,0
1,0,45,1
1,0,45,2
1,0,45,1
1,70,44,0
1,69,44,0
1,66,44,0
1,63,44,0
1,58,44,0
1,57,44,0
1,57,44,1
1,56,44,0
1,54,44,0
1,48,44,1
1,48,44,1
1,47,44,0
1,44,44,1
1,44,44,0
1,44,44,0
1,43,44,0
1,40,44,0
1,38,44,1
1,36,44,1
1,35,44,0
1,31,44,0
1,30,44,0
1,30,44,2
1,27,44,0
1,25,44,0
1,20,44,0
1,19,44,1
1,18,44,0
1,17,44,0
1,14,44,0
1,9,44,0
1,8,44,0
1,6,44,0
1,5,44,0
1,4,44,0
1,3,44,0
1,3,44,0
1,0,44,0
1,0,44,0
1,0,44,2
1,0,44,0
1,0,44,0
1,0,44,0
1,0,44,0
1,80,43,0
1,77,43,0
1,66,43,1
1,65,43,0
1,59,43,0
1,53,43,0
1,53,43,0
1,52,43,0
1,52,43,0
1,50,43,0
1,50,43,0
1,49,43,0
1,49,43,1
1,47,43,3
1,46,43,0
1,44,43,4
1,42,43,0
1,42,43,0
1,41,43,0
1,40,43,0
1,39,43,1
1,39,43,0
1,36,43,0
1,36,43,0
1,35,43,0
1,32,43,0
1,31,43,5
1,30,43,0
1,27,43,0
1,27,43,1
1,27,43,0
1,23,43,1
1,23,43,0
1,20,43,1
1,20,43,0
1,19,43,0
1,18,43,0
1,17,43,0
1,15,43,0
1,12,43,0
1,11,43,0
1,8,43,0
1,6,43,0
1,3,43,0
1,3,43,3
1,3,43,0
1,2,43,2
1,1,43,0
1,1,43,0
1,1,43,0
1,0,43,1
1,0,43,0
1,0,43,0
1,0,43,0
1,0,43,0
1,0,43,0
1,0,43,0
1,0,43,0
1,77,42,1
1,77,42,0
1,76,42,0
1,74,42,1
1,74,42,0
1,72,42,2
1,71,42,0
1,66,42,0
1,65,42,1
1,63,42,1
1,61,42,0
1,57,42,0
1,53,42,0
1,50,42,1
1,48,42,4
1,48,42,1
1,47,42,0
1,46,42,0
1,46,42,0
1,46,42,0
1,44,42,0
1,43,42,1
1,43,42,0
1,42,42,1
1,41,42,0
1,40,42,0
1,40,42,0
1,37,42,0
1,36,42,0
1,36,42,0
1,35,42,0
1,34,42,1
1,32,42,0
1,32,42,0
1,31,42,0
1,31,42,0
1,27,42,0
1,27,42,3
1,26,42,0
1,26,42,1
1,23,42,1
1,20,42,1
1,20,42,1
1,17,42,0
1,17,42,0
1,15,42,0
1,14,42,1
1,13,42,0
1,8,42,0
1,8,42,0
1,7,42,0
1,6,42,0
1,4,42,0
1,4,42,0
1,4,42,1
1,3,42,2
1,3,42,3
1,1,42,0
1,0,42,0
1,0,42,0
1,0,42,0
1,0,42,0
1,0,42,1
1,0,42,0
1,0,42,0
1,80,41,0
1,77,41,0
1,74,41,4
1,68,41,3
1,66,41,0
1,66,41,0
1,65,41,0
1,65,41,0
1,63,41,1
1,63,41,3
1,59,41,0
1,58,41,0
1,58,41,0
1,52,41,2
1,50,41,0
1,50,41,1
1,50,41,0
1,48,41,2
1,48,41,1
1,48,41,0
1,45,41,3
1,45,41,3
1,44,41,0
1,34,41,0
1,34,41,0
1,33,41,0
1,32,41,1
1,31,41,1
1,30,41,3
1,29,41,0
1,29,41,0
1,28,41,0
1,25,41,0
1,25,41,0
1,24,41,0
1,23,41,0
1,22,41,4
1,17,41,0
1,16,41,0
1,15,41,0
1,15,41,0
1,15,41,0
1,13,41,0
1,11,41,1
1,11,41,0
1,9,41,1
1,9,41,0
1,9,41,0
1,9,41,0
1,6,41,0
1,6,41,1
1,5,41,0
1,3,41,0
1,2,41,0
1,2,41,0
1,1,41,0
1,1,41,0
1,0,41,0
1,0,41,0
1,0,41,0
1,0,41,0
1,0,41,0
1,73,40,0
1,67,40,0
1,64,40,0
1,59,40,0
1,53,40,0
1,52,40,0
1,51,40,0
1,48,40,2
1,48,40,0
1,47,40,0
1,47,40,0
1,44,40,0
1,37,40,0
1,36,40,0
1,35,40,0
1,35,40,1
1,35,40,0
1,33,40,2
1,33,40,2
1,30,40,0
1,30,40,2
1,21,40,0
1,17,40,1
1,15,40,1
1,15,40,1
1,12,40,1
1,12,40,2
1,10,40,1
1,7,40,0
1,6,40,0
1,4,40,1
1,4,40,0
1,2,40,0
1,2,40,0
1,1,40,0
1,1,40,0
1,0,40,0
1,0,40,0
1,0,40,0
1,0,40,0
1,0,40,0
1,0,40,0
1,0,40,1
1,0,40,1
1,0,40,1
1,0,40,0
1,0,40,0
1,0,40,0
1,74,39,1
1,70,39,1
1,68,39,0
1,68,39,1
1,67,39,0
1,66,39,0
1,64,39,0
1,63,39,0
1,62,39,0
1,62,39,0
1,61,39,0
1,60,39,0
1,59,39,0
1,59,39,0
1,58,39,0
1,54,39,1
1,53,39,0
1,52,39,0
1,51,39,0
1,50,39,0
1,48,39,1
1,43,39,0
1,43,39,2
1,43,39,0
1,40,39,1
1,40,39,3
1,38,39,0
1,34,39,0
1,32,39,0
1,28,39,0
1,27,39,0
1,27,39,0
1,26,39,0
1,25,39,0
1,22,39,0
1,22,39,0
1,18,39,0
1,18,39,1
1,17,39,0
1,17,39,0
1,16,39,0
1,12,39,0
1,11,39,0
1,10,39,0
1,5,39,0
1,4,39,2
1,4,39,0
1,1,39,1
1,1,39,0
1,1,39,1
1,0,39,1
1,0,39,0
1,0,39,0
1,0,39,0
1,0,39,0
1,0,39,0
1,0,39,0
1,80,38,0
1,79,38,0
1,70,38,0
1,70,38,0
1,61,38,0
1,60,38,1
1,55,38,0
1,55,38,1
1,54,38,0
1,54,38,1
1,51,38,0
1,50,38,0
1,49,38,0
1,44,38,0
1,43,38,1
1,42,38,0
1,40,38,0
1,39,38,0
1,35,38,0
1,34,38,0
1,34,38,1
1,32,38,0
1,26,38,1
1,25,38,0
1,25,38,0
1,24,38,0
1,22,38,0
1,21,38,0
1,19,38,0
1,14,38,1
1,14,38,1
1,8,38,0
1,6,38,0
1,5,38,1
1,5,38,0
1,5,38,0
1,4,38,0
1,2,38,1
1,1,38,0
1,0,38,0
1,0,38,0
1,0,38,0
1,0,38,0
1,0,38,0
1,0,38,0
1,0,38,0
1,0,38,1
1,0,38,0
1,0,38,0
1,80,37,3
1,78,37,0
1,76,37,0
1,68,37,0
1,67,37,1
1,58,37,0
1,53,37,0
1,51,37,1
1,50,37,1
1,49,37,2
1,45,37,0
1,44,37,0
1,44,37,0
1,44,37,0
1,43,37,0
1,42,37,0
1,40,37,0
1,40,37,0
1,38,37,0
1,37,37,0
1,35,37,0
1,34,37,0
1,32,37,0
1,30,37,4
1,29,37,1
1,28,37,2
1,28,37,2
1,27,37,0
1,27,37,0
1,24,37,0
1,24,37,0
1,20,37,0
1,18,37,0
1,16,37,0
1,15,37,0
1,15,37,0
1,15,37,0
1,14,37,1
1,13,37,0
1,13,37,0
1,12,37,0
1,12,37,1
1,12,37,0
1,11,37,0
1,9,37,1
1,8,37,0
1,7,37,0
1,6,37,1
1,2,37,0
1,1,37,0
1,0,37,0
1,0,37,0
1,0,37,0
1,0,37,0
1,82,36,0
1,80,36,0
1,77,36,0
1,75,36,1
1,72,36,0
1,72,36,0
1,68,36,0
1,63,36,0
1,62,36,1
1,60,36,4
1,57,36,0
1,55,36,0
1,54,36,1
1,54,36,0
1,49,36,0
1,49,36,0
1,47,36,0
1,45,36,0
1,43,36,1
1,40,36,0
1,36,36,1
1,36,36,0
1,36,36,0
1,32,36,0
1,31,36,0
1,31,36,0
1,30,36,1
1,25,36,0
1,25,36,1
1,21,36,5
1,21,36,0
1,21,36,0
1,19,36,0
1,18,36,0
1,15,36,2
1,13,36,0
1,10,36,0
1,7,36,0
1,6,36,0
1,6,36,0
1,5,36,1
1,4,36,0
1,0,36,0
1,0,36,0
1,0,36,0
1,0,36,0
1,0,36,0
1,79,35,0
1,79,35,0
1,78,35,0
1,77,35,0
1,76,35,0
1,76,35,0
1,73,35,0
1,73,35,0
1,67,35,1
1,64,35,0
1,60,35,2
1,60,35,0
1,59,35,0
1,52,35,0
1,51,35,0
1,50,35,3
1,49,35,0
1,49,35,0
1,42,35,0
1,41,35,1
1,41,35,0
1,41,35,1
1,40,35,0
1,36,35,0
1,36,35,0
1,36,35,1
1,35,35,3
1,35,35,1
1,32,35,0
1,31,35,0
1,30,35,1
1,30,35,0
1,29,35,0
1,27,35,1
1,25,35,0
1,25,35,0
1,25,35,0
1,23,35,0
1,22,35,0
1,22,35,0
1,21,35,1
1,21,35,0
1,19,35,0
1,19,35,2
1,17,35,2
1,16,35,4
1,15,35,2
1,10,35,0
1,7,35,0
1,6,35,0
1,5,35,0
1,4,35,0
1,4,35,1
1,4,35,1
1,3,35,0
1,2,35,14
1,2,35,0
1,2,35,0
1,2,35,0
1,1,35,0
1,0,35,0
1,0,35,0
1,0,35,0
1,0,35,0
1,0,35,0
1,76,34,0
1,73,34,2
1,67,34,0
1,66,34,0
1,65,34,0
1,63,34,0
1,62,34,0
1,62,34,0
1,57,34,0
1,50,34,0
1,49,34,0
1,48,34,0
1,47,34,0
1,45,34,0
1,44,34,0
1,43,34,2
1,38,34,0
1,37,34,0
1,36,34,0
1,36,34,0
1,35,34,0
1,33,34,0
1,33,34,0
1,32,34,0
1,31,34,0
1,31,34,0
1,29,34,0
1,28,34,0
1,26,34,4
1,26,34,1
1,26,34,0
1,25,34,0
1,25,34,1
1,23,34,0
1,23,34,0
1,21,34,0
1,21,34,0
1,20,34,1
1,18,34,3
1,18,34,1
1,17,34,0
1,16,34,0
1,16,34,0
1,15,34,0
1,13,34,0
1,12,34,0
1,12,34,0
1,11,34,0
1,10,34,0
1,9,34,1
1,8,34,1
1,8,34,0
1,8,34,1
1,7,34,0
1,7,34,2
1,2,34,0
1,1,34,1
1,0,34,0
1,0,34,0
1,0,34,2
1,0,34,2
1,0,34,0
1,0,34,0
1,0,34,0
1,0,34,0
1,78,33,0
1,76,33,0
1,76,33,1
1,75,33,0
1,69,33,0
1,68,33,0
1,67,33,0
1,61,33,0
1,61,33,0
1,58,33,0
1,58,33,0
1,57,33,0
1,55,33,0
1,52,33,0
1,50,33,1
1,49,33,0
1,47,33,0
1,45,33,2
1,44,33,0
1,41,33,0
1,40,33,1
1,40,33,0
1,40,33,0
1,40,33,0
1,39,33,0
1,36,33,0
1,36,33,0
1,35,33,0
1,34,33,1
1,34,33,0
1,34,33,0
1,34,33,0
1,33,33,0
1,33,33,0
1,32,33,1
1,32,33,0
1,30,33,0
1,30,33,0
1,26,33,0
1,21,33,0
1,21,33,0
1,20,33,0
1,20,33,0
1,19,33,0
1,18,33,0
1,18,33,1
1,18,33,0
1,17,33,0
1,13,33,0
1,12,33,0
1,10,33,0
1,10,33,0
1,9,33,1
1,8,33,0
1,7,33,0
1,6,33,0
1,5,33,0
1,5,33,0
1,4,33,1
1,3,33,0
1,3,33,0
1,2,33,0
1,2,33,0
1,0,33,0
1,0,33,5
1,0,33,4
1,0,33,0
1,0,33,1
1,0,33,0
1,0,33,0
1,80,32,0
1,80,32,0
1,72,32,1
1,71,32,0
1,70,32,0
1,70,32,0
1,69,32,0
1,67,32,1
1,66,32,0
1,64,32,0
1,60,32,0
1,58,32,0
1,58,32,0
1,55,32,0
1,53,32,0
1,53,32,0
1,52,32,0
1,50,32,0
1,47,32,0
1,47,32,2
1,47,32,0
1,46,32,0
1,45,32,1
1,44,32,1
1,43,32,0
1,42,32,0
1,42,32,0
1,41,32,0
1,41,32,0
1,40,32,1
1,40,32,0
1,40,32,0
1,39,32,0
1,37,32,1
1,36,32,0
1,36,32,1
1,34,32,0
1,33,32,0
1,31,32,2
1,27,32,0
1,27,32,0
1,26,32,0
1,22,32,1
1,22,32,0
1,20,32,0
1,20,32,1
1,17,32,1
1,16,32,3
1,15,32,1
1,15,32,0
1,14,32,0
1,12,32,0
1,11,32,0
1,11,32,0
1,10,32,0
1,9,32,0
1,4,32,1
1,3,32,3
1,0,32,0
1,0,32,1
1,0,32,0
1,0,32,0
1,0,32,0
1,0,32,0
1,0,32,0
1,79,31,0
1,77,31,0
1,75,31,2
1,74,31,1
1,74,31,6
1,68,31,0
1,66,31,2
1,60,31,0
1,56,31,0
1,55,31,1
1,55,31,1
1,54,31,8
1,54,31,0
1,50,31,2
1,49,31,0
1,46,31,1
1,46,31,0
1,44,31,0
1,42,31,0
1,37,31,2
1,35,31,0
1,33,31,0
1,33,31,0
1,32,31,0
1,31,31,0
1,30,31,0
1,29,31,0
1,28,31,0
1,24,31,0
1,24,31,1
1,22,31,1
1,22,31,0
1,20,31,0
1,18,31,0
1,18,31,1
1,17,31,0
1,16,31,0
1,16,31,0
1,15,31,1
1,15,31,0
1,14,31,1
1,11,31,0
1,9,31,0
1,7,31,4
1,5,31,2
1,3,31,3
1,3,31,0
1,3,31,1
1,0,31,0
1,0,31,1
1,0,31,0
1,0,31,1
1,0,31,0
1,79,30,0
1,76,30,0
1,73,30,0
1,70,30,0
1,69,30,0
1,62,30,1
1,61,30,5
1,58,30,0
1,52,30,0
1,47,30,0
1,47,30,0
1,46,30,2
1,45,30,0
1,43,30,0
1,42,30,0
1,41,30,4
1,40,30,1
1,39,30,0
1,36,30,1
1,35,30,1
1,34,30,0
1,33,30,0
1,33,30,0
1,31,30,0
1,29,30,0
1,27,30,0
1,26,30,0
1,25,30,0
1,24,30,0
1,21,30,4
1,20,30,0
1,19,30,0
1,17,30,0
1,15,30,0
1,14,30,0
1,13,30,0
1,9,30,0
1,8,30,0
1,7,30,3
1,7,30,1
1,7,30,2
1,4,30,0
1,4,30,0
1,4,30,1
1,3,30,0
1,1,30,0
1,0,30,4
1,0,30,0
1,0,30,0
1,0,30,1
1,0,30,0
1,117,29,0
1,76,29,0
1,74,29,0
1,66,29,0
1,66,29,0
1,61,29,0
1,57,29,0
1,57,29,1
1,48,29,0
1,46,29,0
1,46,29,0
1,44,29,2
1,37,29,0
1,37,29,0
1,37,29,1
1,36,29,0
1,35,29,0
1,34,29,0
1,33,29,0
1,32,29,0
1,31,29,1
1,28,29,0
1,27,29,1
1,25,29,1
1,20,29,0
1,20,29,0
1,20,29,0
1,20,29,0
1,19,29,0
1,18,29,0
1,17,29,1
1,16,29,0
1,14,29,1
1,12,29,0
1,12,29,0
1,12,29,0
1,6,29,0
1,4,29,0
1,3,29,0
1,2,29,1
1,0,29,0
1,0,29,0
1,0,29,0
1,0,29,1
1,0,29,1
1,0,29,0
1,87,28,0
1,86,28,0
1,79,28,0
1,73,28,0
1,65,28,1
1,63,28,0
1,61,28,3
1,61,28,3
1,57,28,0
1,57,28,2
1,54,28,0
1,54,28,0
1,52,28,1
1,52,28,1
1,50,28,1
1,48,28,0
1,47,28,1
1,47,28,0
1,46,28,1
1,46,28,1
1,46,28,0
1,45,28,0
1,45,28,0
1,43,28,0
1,43,28,0
1,43,28,0
1,42,28,0
1,41,28,0
1,40,28,0
1,39,28,1
1,37,28,0
1,34,28,0
1,31,28,0
1,29,28,1
1,27,28,0
1,27,28,0
1,24,28,0
1,23,28,0
1,23,28,0
1,23,28,2
1,23,28,1
1,22,28,0
1,21,28,0
1,18,28,1
1,12,28,0
1,12,28,0
1,12,28,1
1,9,28,1
1,6,28,0
1,5,28,0
1,4,28,2
1,4,28,0
1,3,28,0
1,2,28,0
1,1,28,0
1,0,28,0
1,0,28,0
1,0,28,0
1,0,28,0
1,0,28,0
1,0,28,1
1,76,27,1
1,74,27,0
1,69,27,0
1,66,27,0
1,60,27,0
1,60,27,2
1,59,27,0
1,57,27,0
1,56,27,0
1,55,27,0
1,55,27,1
1,55,27,0
1,55,27,1
1,53,27,7
1,52,27,0
1,51,27,0
1,50,27,0
1,43,27,0
1,43,27,0
1,40,27,0
1,39,27,0
1,37,27,0
1,37,27,1
1,36,27,1
1,33,27,0
1,31,27,0
1,31,27,0
1,29,27,0
1,28,27,0
1,28,27,1
1,21,27,0
1,19,27,0
1,19,27,0
1,19,27,1
1,19,27,0
1,18,27,0
1,17,27,0
1,11,27,0
1,11,27,0
1,9,27,0
1,4,27,0
1,4,27,0
1,3,27,0
1,3,27,0
1,2,27,0
1,2,27,1
1,0,27,0
1,0,27,0
1,0,27,1
1,0,27,0
1,0,27,1
1,0,27,0
1,0,27,0
1,0,27,0
1,71,26,0
1,68,26,1
1,65,26,0
1,62,26,1
1,62,26,0
1,62,26,2
1,58,26,0
1,58,26,0
1,54,26,3
1,51,26,0
1,47,26,0
1,42,26,1
1,42,26,0
1,42,26,0
1,41,26,0
1,40,26,0
1,34,26,0
1,33,26,1
1,32,26,0
1,32,26,0
1,32,26,0
1,31,26,3
1,29,26,0
1,29,26,0
1,26,26,0
1,23,26,0
1,17,26,1
1,15,26,0
1,15,26,0
1,14,26,0
1,14,26,1
1,13,26,0
1,12,26,1
1,12,26,0
1,10,26,0
1,10,26,1
1,9,26,0
1,6,26,0
1,5,26,0
1,5,26,0
1,4,26,0
1,3,26,0
1,3,26,1
1,2,26,0
1,1,26,0
1,0,26,0
1,0,26,1
1,0,26,1
1,0,26,0
1,0,26,0
1,0,26,0
1,78,25,0
1,77,25,2
1,76,25,0
1,72,25,0
1,70,25,0
1,70,25,0
1,69,25,0
1,68,25,1
1,66,25,0
1,66,25,7
1,65,25,2
1,64,25,1
1,45,25,1
1,45,25,0
1,42,25,0
1,41,25,2
1,41,25,0
1,40,25,1
1,39,25,1
1,39,25,0
1,39,25,0
1,38,25,0
1,38,25,0
1,37,25,0
1,37,25,2
1,35,25,3
1,30,25,0
1,29,25,0
1,24,25,0
1,24,25,1
1,23,25,0
1,22,25,0
1,19,25,0
1,19,25,0
1,15,25,0
1,14,25,0
1,11,25,1
1,10,25,0
1,9,25,3
1,9,25,0
1,6,25,0
1,5,25,0
1,4,25,0
1,3,25,0
1,3,25,1
1,3,25,0
1,0,25,0
1,0,25,0
1,0,25,0
1,0,25,0
1,0,25,0
1,0,25,0
1,0,25,0
1,69,24,0
1,69,24,0
1,61,24,0
1,60,24,0
1,59,24,0
1,59,24,0
1,58,24,0
1,57,24,3
1,54,24,0
1,47,24,0
1,45,24,4
1,44,24,1
1,42,24,3
1,37,24,3
1,37,24,0
1,33,24,0
1,32,24,3
1,31,24,1
1,31,24,0
1,31,24,1
1,28,24,0
1,27,24,0
1,26,24,0
1,22,24,2
1,22,24,0
1,22,24,0
1,21,24,0
1,21,24,0
1,19,24,1
1,18,24,1
1,16,24,1
1,16,24,1
1,13,24,0
1,13,24,0
1,12,24,0
1,11,24,1
1,11,24,0
1,7,24,0
1,7,24,0
1,3,24,0
1,2,24,0
1,0,24,1
1,0,24,0
1,0,24,1
1,0,24,0
1,0,24,0
1,0,24,0
1,0,24,2
1,83,23,2
1,79,23,2
1,76,23,0
1,75,23,0
1,72,23,0
1,65,23,2
1,56,23,2
1,54,23,0
1,50,23,0
1,49,23,0
1,49,23,0
1,47,23,3
1,47,23,0
1,47,23,0
1,46,23,0
1,43,23,0
1,42,23,4
1,42,23,2
1,42,23,0
1,42,23,1
1,42,23,0
1,41,23,0
1,41,23,0
1,38,23,0
1,38,23,0
1,36,23,0
1,36,23,0
1,35,23,0
1,35,23,0
1,35,23,0
1,29,23,0
1,28,23,0
1,28,23,0
1,27,23,0
1,26,23,0
1,25,23,0
1,23,23,0
1,23,23,1
1,22,23,0
1,22,23,1
1,22,23,1
1,21,23,0
1,18,23,0
1,18,23,0
1,18,23,0
1,18,23,0
1,14,23,0
1,14,23,1
1,14,23,0
1,13,23,0
1,12,23,0
1,12,23,0
1,10,23,0
1,9,23,0
1,7,23,0
1,7,23,1
1,6,23,0
1,6,23,0
1,5,23,0
1,5,23,0
1,5,23,0
1,5,23,0
1,4,23,0
1,4,23,0
1,4,23,0
1,3,23,0
1,3,23,0
1,2,23,0
1,1,23,1
1,1,23,0
1,0,23,0
1,0,23,0
1,0,23,0
1,0,23,0
1,0,23,0
1,0,23,1
1,0,23,0
1,0,23,1
1,72,22,0
1,69,22,1
1,68,22,1
1,68,22,0
1,64,22,1
1,59,22,0
1,59,22,0
1,58,22,0
1,57,22,0
1,55,22,0
1,55,22,0
1,53,22,1
1,53,22,0
1,51,22,0
1,48,22,0
1,48,22,0
1,46,22,0
1,45,22,2
1,45,22,0
1,44,22,1
1,42,22,0
1,39,22,2
1,38,22,1
1,35,22,0
1,32,22,2
1,32,22,0
1,32,22,3
1,31,22,0
1,29,22,1
1,29,22,1
1,28,22,0
1,26,22,0
1,25,22,0
1,25,22,0
1,23,22,0
1,23,22,0
1,23,22,1
1,22,22,0
1,22,22,0
1,22,22,0
1,21,22,0
1,20,22,0
1,20,22,0
1,20,22,0
1,19,22,1
1,19,22,0
1,19,22,1
1,18,22,0
1,17,22,0
1,16,22,0
1,15,22,0
1,15,22,0
1,14,22,0
1,13,22,0
1,12,22,0
1,12,22,2
1,12,22,1
1,11,22,1
1,11,22,0
1,9,22,0
1,8,22,0
1,7,22,0
1,6,22,0
1,6,22,3
1,5,22,0
1,4,22,0
1,0,22,0
1,0,22,0
1,0,22,1
1,0,22,0
1,0,22,2
1,0,22,0
1,0,22,1
1,80,21,0
1,79,21,0
1,77,21,1
1,75,21,0
1,74,21,0
1,72,21,0
1,67,21,0
1,66,21,1
1,63,21,0
1,63,21,0
1,63,21,0
1,59,21,1
1,58,21,0
1,57,21,0
1,53,21,0
1,51,21,0
1,47,21,0
1,46,21,0
1,45,21,0
1,42,21,1
1,42,21,0
1,42,21,0
1,42,21,1
1,39,21,0
1,39,21,1
1,37,21,0
1,37,21,0
1,35,21,0
1,32,21,0
1,29,21,0
1,28,21,0
1,28,21,0
1,25,21,1
1,24,21,0
1,24,21,0
1,22,21,0
1,21,21,0
1,21,21,0
1,19,21,0
1,18,21,0
1,17,21,3
1,17,21,1
1,16,21,0
1,15,21,0
1,13,21,0
1,13,21,1
1,13,21,0
1,13,21,0
1,11,21,0
1,10,21,0
1,10,21,0
1,10,21,0
1,10,21,0
1,9,21,0
1,6,21,0
1,3,21,0
1,2,21,0
1,2,21,0
1,0,21,0
1,0,21,2
1,0,21,0
1,0,21,0
1,0,21,3
1,0,21,0
1,0,21,0
1,0,21,7
1,0,21,0
1,0,21,1
1,78,20,0
1,77,20,0
1,76,20,0
1,74,20,0
1,72,20,0
1,65,20,1
1,56,20,0
1,55,20,1
1,54,20,1
1,53,20,0
1,49,20,0
1,49,20,0
1,49,20,0
1,48,20,0
1,46,20,0
1,45,20,0
1,43,20,1
1,42,20,0
1,42,20,1
1,40,20,0
1,39,20,0
1,37,20,0
1,37,20,0
1,35,20,0
1,33,20,0
1,31,20,1
1,30,20,0
1,29,20,0
1,29,20,0
1,28,20,0
1,27,20,1
1,25,20,1
1,24,20,0
1,22,20,1
1,21,20,2
1,16,20,0
1,16,20,0
1,13,20,0
1,11,20,0
1,10,20,0
1,10,20,0
1,9,20,4
1,5,20,0
1,5,20,0
1,4,20,0
1,0,20,1
1,0,20,0
1,0,20,0
1,0,20,0
1,0,20,1
1,0,20,0
1,0,20,3
1,78,19,1
1,68,19,1
1,64,19,0
1,64,19,0
1,63,19,0
1,62,19,0
1,61,19,0
1,59,19,0
1,57,19,0
1,57,19,0
1,54,19,0
1,52,19,0
1,49,19,0
1,48,19,0
1,46,19,0
1,45,19,0
1,45,19,0
1,39,19,0
1,37,19,1
1,36,19,0
1,36,19,1
1,33,19,0
1,31,19,0
1,29,19,0
1,27,19,0
1,27,19,1
1,25,19,0
1,25,19,0
1,24,19,2
1,23,19,2
1,22,19,0
1,22,19,0
1,22,19,0
1,12,19,0
1,10,19,0
1,9,19,0
1,9,19,0
1,9,19,1
1,7,19,0
1,6,19,2
1,2,19,1
1,1,19,2
1,0,19,0
1,0,19,0
1,0,19,1
1,0,19,0
1,80,18,2
1,72,18,0
1,70,18,1
1,67,18,0
1,59,18,0
1,54,18,0
1,48,18,2
1,47,18,0
1,47,18,2
1,46,18,2
1,45,18,0
1,42,18,1
1,41,18,0
1,40,18,0
1,40,18,0
1,37,18,0
1,37,18,0
1,34,18,0
1,34,18,0
1,34,18,0
1,32,18,0
1,31,18,1
1,31,18,3
1,31,18,1
1,28,18,0
1,28,18,1
1,27,18,0
1,24,18,0
1,21,18,0
1,20,18,1
1,17,18,0
1,16,18,0
1,12,18,1
1,10,18,0
1,10,18,0
1,6,18,0
1,3,18,0
1,3,18,0
1,2,18,0
1,1,18,0
1,1,18,0
1,0,18,0
1,0,18,0
1,0,18,0
1,0,18,0
1,0,18,0
1,79,17,0
1,78,17,0
1,65,17,0
1,65,17,0
1,63,17,0
1,61,17,0
1,59,17,0
1,54,17,4
1,50,17,0
1,50,17,0
1,50,17,0
1,50,17,0
1,49,17,0
1,45,17,2
1,44,17,0
1,44,17,3
1,42,17,0
1,39,17,1
1,35,17,0
1,33,17,2
1,32,17,0
1,31,17,0
1,31,17,2
1,30,17,0
1,27,17,0
1,26,17,0
1,23,17,1
1,22,17,0
1,21,17,0
1,18,17,0
1,17,17,1
1,16,17,0
1,16,17,0
1,16,17,0
1,16,17,0
1,14,17,0
1,14,17,1
1,11,17,0
1,10,17,0
1,9,17,0
1,8,17,0
1,7,17,0
1,4,17,2
1,3,17,1
1,1,17,0
1,1,17,0
1,0,17,0
1,0,17,2
1,0,17,0
1,0,17,0
1,109,16,0
1,76,16,0
1,72,16,1
1,67,16,1
1,66,16,1
1,62,16,0
1,61,16,0
1,57,16,0
1,56,16,2
1,56,16,0
1,53,16,0
1,48,16,1
1,48,16,0
1,45,16,0
1,43,16,0
1,42,16,0
1,42,16,0
1,41,16,2
1,39,16,0
1,35,16,0
1,34,16,1
1,33,16,0
1,32,16,0
1,31,16,0
1,27,16,0
1,25,16,1
1,20,16,0
1,19,16,0
1,18,16,3
1,18,16,2
1,17,16,1
1,17,16,0
1,9,16,1
1,8,16,0
1,4,16,1
1,1,16,0
1,1,16,0
1,0,16,1
1,0,16,2
1,0,16,0
1,0,16,1
1,0,16,0
1,0,16,1
1,0,16,0
1,0,16,0
1,116,15,0
1,76,15,1
1,73,15,1
1,70,15,0
1,69,15,0
1,69,15,0
1,67,15,0
1,61,15,0
1,54,15,2
1,54,15,0
1,52,15,1
1,49,15,2
1,48,15,0
1,48,15,0
1,47,15,1
1,42,15,3
1,41,15,0
1,39,15,1
1,37,15,0
1,37,15,0
1,36,15,2
1,34,15,0
1,34,15,0
1,32,15,0
1,31,15,0
1,31,15,0
1,30,15,0
1,27,15,0
1,27,15,0
1,26,15,0
1,24,15,0
1,23,15,0
1,23,15,0
1,22,15,0
1,15,15,0
1,14,15,0
1,14,15,0
1,12,15,1
1,11,15,0
1,10,15,0
1,8,15,0
1,7,15,1
1,6,15,4
1,6,15,0
1,5,15,4
1,2,15,0
1,2,15,0
1,2,15,1
1,1,15,0
1,0,15,1
1,0,15,0
1,0,15,0
1,0,15,0
1,0,15,0
1,73,14,1
1,71,14,0
1,70,14,0
1,69,14,0
1,66,14,0
1,65,14,0
1,64,14,0
1,62,14,4
1,61,14,0
1,60,14,1
1,59,14,0
1,57,14,0
1,55,14,0
1,55,14,0
1,53,14,0
1,53,14,0
1,52,14,3
1,52,14,6
1,51,14,0
1,51,14,0
1,50,14,1
1,49,14,0
1,45,14,0
1,42,14,0
1,40,14,0
1,39,14,0
1,37,14,3
1,35,14,0
1,33,14,0
1,33,14,0
1,26,14,2
1,26,14,0
1,26,14,0
1,25,14,0
1,21,14,0
1,21,14,0
1,21,14,2
1,20,14,0
1,17,14,0
1,16,14,0
1,15,14,0
1,14,14,0
1,13,14,1
1,10,14,0
1,10,14,0
1,8,14,1
1,8,14,0
1,7,14,0
1,6,14,0
1,6,14,0
1,4,14,0
1,3,14,0
1,1,14,0
1,0,14,3
1,0,14,1
1,0,14,2
1,0,14,1
1,0,14,1
1,0,14,0
1,0,14,0
1,0,14,0
1,78,13,0
1,77,13,0
1,74,13,0
1,70,13,0
1,69,13,0
1,61,13,0
1,59,13,0
1,58,13,0
1,58,13,0
1,57,13,0
1,57,13,0
1,56,13,2
1,52,13,0
1,50,13,1
1,49,13,0
1,48,13,0
1,47,13,1
1,47,13,1
1,46,13,1
1,42,13,1
1,34,13,0
1,32,13,1
1,32,13,4
1,30,13,1
1,28,13,0
1,27,13,4
1,26,13,0
1,24,13,2
1,23,13,0
1,23,13,2
1,21,13,1
1,21,13,2
1,21,13,0
1,21,13,0
1,19,13,3
1,18,13,0
1,14,13,1
1,13,13,0
1,13,13,0
1,13,13,0
1,10,13,0
1,7,13,1
1,7,13,0
1,5,13,0
1,1,13,0
1,1,13,0
1,1,13,0
1,0,13,0
1,0,13,2
1,0,13,1
1,0,13,0
1,0,13,1
1,110,12,0
1,78,12,0
1,75,12,1
1,71,12,0
1,68,12,0
1,63,12,0
1,62,12,3
1,60,12,0
1,60,12,0
1,54,12,0
1,53,12,0
1,50,12,0
1,50,12,1
1,45,12,0
1,45,12,0
1,43,12,0
1,41,12,3
1,40,12,0
1,40,12,0
1,40,12,0
1,40,12,0
1,39,12,0
1,39,12,1
1,38,12,0
1,37,12,1
1,37,12,1
1,36,12,0
1,33,12,1
1,32,12,0
1,31,12,0
1,31,12,1
1,30,12,0
1,29,12,0
1,28,12,0
1,26,12,1
1,26,12,0
1,24,12,0
1,24,12,0
1,24,12,1
1,24,12,0
1,23,12,0
1,21,12,1
1,19,12,0
1,18,12,0
1,14,12,0
1,13,12,0
1,13,12,0
1,12,12,0
1,11,12,0
1,11,12,0
1,10,12,0
1,9,12,1
1,8,12,0
1,8,12,2
1,8,12,1
1,7,12,0
1,7,12,5
1,5,12,0
1,3,12,0
1,3,12,0
1,3,12,0
1,2,12,0
1,2,12,0
1,1,12,3
1,0,12,1
1,0,12,0
1,0,12,1
1,0,12,0
1,0,12,0
1,0,12,0
1,80,11,0
1,78,11,0
1,78,11,0
1,74,11,0
1,72,11,0
1,71,11,0
1,70,11,0
1,66,11,0
1,66,11,1
1,60,11,0
1,57,11,0
1,56,11,0
1,55,11,0
1,49,11,2
1,49,11,0
1,46,11,4
1,43,11,0
1,43,11,0
1,42,11,0
1,41,11,0
1,41,11,0
1,37,11,0
1,37,11,0
1,30,11,1
1,30,11,0
1,28,11,1
1,28,11,0
1,27,11,0
1,26,11,0
1,26,11,1
1,26,11,0
1,25,11,0
1,24,11,1
1,24,11,0
1,19,11,0
1,15,11,0
1,12,11,1
1,12,11,0
1,10,11,0
1,8,11,0
1,7,11,0
1,6,11,0
1,5,11,0
1,4,11,0
1,4,11,2
1,3,11,0
1,3,11,0
1,3,11,2
1,3,11,3
1,1,11,2
1,0,11,0
1,0,11,0
1,0,11,0
1,0,11,3
1,0,11,0
1,0,11,1
1,0,11,0
1,79,10,0
1,74,10,0
1,69,10,0
1,69,10,0
1,67,10,0
1,66,10,0
1,65,10,1
1,61,10,2
1,60,10,0
1,58,10,2
1,55,10,0
1,55,10,0
1,53,10,2
1,50,10,0
1,49,10,0
1,49,10,0
1,47,10,1
1,46,10,4
1,44,10,0
1,42,10,0
1,40,10,0
1,39,10,0
1,37,10,2
1,37,10,0
1,35,10,0
1,33,10,0
1,30,10,0
1,24,10,0
1,23,10,1
1,22,10,0
1,21,10,0
1,21,10,1
1,19,10,0
1,15,10,0
1,14,10,0
1,14,10,0
1,13,10,0
1,11,10,0
1,11,10,0
1,11,10,0
1,7,10,0
1,7,10,0
1,6,10,0
1,1,10,0
1,1,10,0
1,0,10,0
1,0,10,0
1,0,10,0
1,0,10,0
1,0,10,0
1,0,10,0
1,0,10,0
1,78,9,1
1,76,9,0
1,73,9,0
1,73,9,0
1,69,9,1
1,67,9,0
1,55,9,0
1,53,9,0
1,53,9,0
1,52,9,1
1,52,9,0
1,52,9,0
1,50,9,0
1,48,9,1
1,45,9,1
1,45,9,0
1,44,9,0
1,42,9,1
1,41,9,0
1,38,9,0
1,35,9,1
1,33,9,0
1,33,9,0
1,32,9,0
1,32,9,1
1,32,9,0
1,30,9,0
1,29,9,0
1,28,9,1
1,26,9,0
1,21,9,0
1,21,9,0
1,21,9,0
1,20,9,0
1,20,9,0
1,19,9,0
1,15,9,0
1,10,9,0
1,8,9,0
1,8,9,0
1,8,9,0
1,7,9,2
1,7,9,0
1,6,9,0
1,4,9,0
1,2,9,0
1,0,9,0
1,0,9,1
1,0,9,0
1,0,9,2
1,0,9,1
1,0,9,1
1,0,9,0
1,77,8,0
1,75,8,0
1,74,8,0
1,73,8,0
1,71,8,0
1,69,8,1
1,63,8,0
1,58,8,1
1,52,8,0
1,52,8,0
1,51,8,0
1,47,8,1
1,47,8,0
1,44,8,0
1,44,8,0
1,43,8,0
1,42,8,0
1,42,8,0
1,42,8,0
1,41,8,1
1,41,8,0
1,41,8,0
1,41,8,0
1,38,8,0
1,36,8,0
1,35,8,0
1,34,8,0
1,34,8,1
1,34,8,0
1,30,8,2
1,24,8,0
1,23,8,0
1,22,8,0
1,22,8,0
1,18,8,1
1,17,8,0
1,16,8,0
1,16,8,1
1,14,8,0
1,13,8,0
1,13,8,1
1,12,8,0
1,11,8,0
1,9,8,0
1,9,8,0
1,7,8,0
1,3,8,3
1,3,8,1
1,0,8,0
1,0,8,3
1,0,8,0
1,0,8,1
1,0,8,0
1,0,8,0
1,120,7,0
1,74,7,0
1,72,7,0
1,68,7,0
1,66,7,4
1,54,7,0
1,53,7,0
1,51,7,0
1,50,7,0
1,46,7,0
1,45,7,1
1,41,7,0
1,39,7,0
1,37,7,0
1,37,7,0
1,35,7,0
1,35,7,3
1,35,7,0
1,33,7,0
1,30,7,0
1,30,7,0
1,30,7,1
1,29,7,0
1,28,7,0
1,28,7,1
1,27,7,1
1,24,7,0
1,23,7,0
1,22,7,0
1,16,7,0
1,14,7,0
1,14,7,3
1,14,7,0
1,14,7,0
1,13,7,1
1,13,7,0
1,12,7,0
1,9,7,0
1,9,7,0
1,9,7,0
1,3,7,2
1,2,7,0
1,0,7,1
1,0,7,0
1,0,7,1
1,117,6,0
1,79,6,0
1,79,6,0
1,76,6,1
1,68,6,4
1,67,6,0
1,66,6,0
1,65,6,0
1,57,6,0
1,56,6,1
1,55,6,0
1,53,6,0
1,51,6,0
1,50,6,0
1,49,6,0
1,49,6,0
1,48,6,2
1,46,6,2
1,45,6,0
1,45,6,0
1,44,6,0
1,43,6,0
1,41,6,1
1,41,6,0
1,40,6,0
1,40,6,1
1,40,6,1
1,39,6,0
1,38,6,1
1,38,6,2
1,37,6,1
1,36,6,0
1,36,6,0
1,34,6,0
1,33,6,0
1,33,6,0
1,30,6,0
1,29,6,0
1,29,6,2
1,23,6,0
1,23,6,2
1,22,6,0
1,21,6,0
1,19,6,0
1,16,6,2
1,15,6,0
1,14,6,2
1,11,6,1
1,11,6,0
1,11,6,0
1,10,6,0
1,6,6,0
1,5,6,0
1,3,6,2
1,3,6,0
1,0,6,1
1,0,6,1
1,0,6,1
1,0,6,3
1,0,6,0
1,0,6,0
1,0,6,1
1,74,5,0
1,72,5,1
1,71,5,0
1,70,5,0
1,67,5,1
1,66,5,0
1,61,5,6
1,60,5,0
1,59,5,0
1,58,5,0
1,58,5,1
1,58,5,0
1,57,5,0
1,56,5,0
1,53,5,0
1,51,5,0
1,50,5,0
1,49,5,0
1,47,5,0
1,46,5,0
1,44,5,0
1,44,5,0
1,42,5,1
1,41,5,0
1,38,5,0
1,36,5,0
1,36,5,0
1,36,5,1
1,35,5,0
1,33,5,1
1,30,5,0
1,28,5,0
1,27,5,0
1,26,5,0
1,24,5,0
1,23,5,0
1,23,5,0
1,21,5,0
1,20,5,4
1,20,5,0
1,19,5,0
1,19,5,1
1,19,5,0
1,18,5,0
1,15,5,0
1,12,5,0
1,11,5,0
1,8,5,0
1,8,5,1
1,7,5,0
1,6,5,0
1,5,5,0
1,5,5,0
1,3,5,1
1,2,5,0
1,2,5,1
1,1,5,1
1,1,5,2
1,0,5,0
1,0,5,0
1,0,5,0
1,0,5,0
1,0,5,0
1,0,5,0
1,0,5,0
1,75,4,0
1,71,4,1
1,68,4,0
1,67,4,0
1,62,4,0
1,62,4,0
1,60,4,0
1,57,4,4
1,56,4,1
1,55,4,0
1,55,4,1
1,53,4,0
1,52,4,0
1,50,4,0
1,49,4,0
1,49,4,1
1,47,4,0
1,44,4,2
1,42,4,1
1,42,4,0
1,42,4,1
1,41,4,0
1,41,4,3
1,41,4,0
1,40,4,1
1,39,4,1
1,38,4,0
1,37,4,0
1,35,4,0
1,35,4,0
1,33,4,1
1,33,4,0
1,32,4,0
1,31,4,0
1,30,4,0
1,28,4,0
1,28,4,1
1,25,4,1
1,25,4,3
1,23,4,7
1,21,4,0
1,20,4,0
1,19,4,0
1,19,4,1
1,17,4,0
1,16,4,1
1,15,4,0
1,15,4,3
1,14,4,0
1,13,4,0
1,11,4,0
1,10,4,0
1,10,4,0
1,9,4,0
1,8,4,0
1,7,4,0
1,4,4,0
1,3,4,1
1,2,4,0
1,2,4,0
1,2,4,1
1,0,4,2
1,0,4,0
1,0,4,0
1,0,4,0
1,0,4,0
1,0,4,1
1,0,4,1
1,77,3,0
1,76,3,1
1,66,3,0
1,61,3,0
1,60,3,0
1,60,3,0
1,59,3,0
1,58,3,0
1,56,3,0
1,49,3,0
1,49,3,0
1,46,3,1
1,46,3,0
1,46,3,0
1,44,3,0
1,43,3,0
1,43,3,2
1,43,3,0
1,42,3,1
1,42,3,0
1,42,3,0
1,42,3,0
1,42,3,0
1,41,3,0
1,39,3,0
1,39,3,0
1,38,3,0
1,36,3,1
1,35,3,0
1,34,3,0
1,33,3,0
1,33,3,0
1,31,3,1
1,30,3,0
1,30,3,0
1,28,3,1
1,28,3,0
1,27,3,0
1,27,3,0
1,26,3,0
1,25,3,0
1,25,3,0
1,25,3,0
1,24,3,0
1,24,3,0
1,23,3,0
1,22,3,0
1,22,3,0
1,22,3,0
1,22,3,0
1,21,3,3
1,21,3,0
1,21,3,3
1,21,3,0
1,20,3,0
1,20,3,0
1,20,3,0
1,18,3,2
1,18,3,0
1,18,3,0
1,17,3,0
1,16,3,0
1,15,3,0
1,14,3,0
1,14,3,2
1,12,3,0
1,12,3,1
1,11,3,0
1,11,3,0
1,11,3,0
1,7,3,0
1,6,3,0
1,5,3,1
1,5,3,0
1,5,3,0
1,3,3,2
1,2,3,0
1,1,3,0
1,1,3,2
1,1,3,0
1,0,3,1
1,0,3,0
1,0,3,0
1,0,3,1
1,0,3,2
1,0,3,0
1,0,3,0
1,0,3,0
1,79,2,0
1,78,2,1
1,78,2,1
1,77,2,0
1,72,2,1
1,69,2,0
1,67,2,0
1,67,2,0
1,66,2,0
1,66,2,0
1,64,2,1
1,61,2,1
1,60,2,1
1,58,2,0
1,50,2,0
1,45,2,1
1,45,2,0
1,44,2,1
1,42,2,0
1,39,2,0
1,38,2,0
1,38,2,0
1,38,2,0
1,33,2,0
1,31,2,0
1,30,2,2
1,29,2,0
1,29,2,0
1,29,2,0
1,28,2,0
1,28,2,1
1,28,2,3
1,26,2,1
1,26,2,0
1,23,2,0
1,23,2,0
1,21,2,3
1,19,2,1
1,16,2,7
1,15,2,0
1,15,2,0
1,14,2,0
1,13,2,0
1,12,2,0
1,10,2,2
1,10,2,0
1,9,2,0
1,9,2,0
1,8,2,0
1,6,2,0
1,6,2,1
1,6,2,0
1,5,2,0
1,4,2,0
1,3,2,0
1,2,2,0
1,1,2,0
1,0,2,0
1,0,2,0
1,0,2,1
1,0,2,0
1,0,2,1
1,0,2,1
1,0,2,1
1,0,2,1
1,0,2,0
1,77,1,0
1,76,1,1
1,74,1,0
1,73,1,0
1,72,1,0
1,71,1,0
1,70,1,0
1,69,1,0
1,68,1,1
1,64,1,1
1,59,1,0
1,56,1,0
1,55,1,1
1,55,1,2
1,55,1,0
1,55,1,0
1,50,1,0
1,50,1,0
1,49,1,0
1,49,1,2
1,43,1,0
1,42,1,0
1,35,1,2
1,33,1,0
1,33,1,0
1,31,1,0
1,30,1,2
1,28,1,0
1,28,1,1
1,26,1,0
1,26,1,1
1,25,1,1
1,24,1,0
1,23,1,0
1,22,1,1
1,18,1,1
1,18,1,0
1,17,1,1
1,16,1,0
1,14,1,3
1,13,1,0
1,12,1,0
1,11,1,0
1,8,1,0
1,6,1,0
1,6,1,0
1,5,1,1
1,5,1,0
1,5,1,1
1,4,1,3
1,4,1,1
1,3,1,1
1,2,1,0
1,1,1,0
1,1,1,0
1,1,1,0
1,1,1,0
1,1,1,0
1,1,1,1
1,1,1,1
1,0,1,0
1,0,1,1
1,0,1,0
1,0,1,0
1,0,1,0
1,0,1,0
1,0,1,7
1,0,1,2
1,0,1,0
1,0,1,0
1,0,1,1
1,0,1,0
1,0,1,0
1,0,1,0
1,0,1,1
1,0,1,0
1,0,1,0
1,0,1,3
1,0,1,0
1,0,1,1
1,0,1,0
1,74,0,0
1,62,0,0
1,61,0,1
1,60,0,0
1,60,0,0
1,59,0,0
1,59,0,0
1,59,0,1
1,58,0,0
1,58,0,2
1,57,0,9
1,57,0,0
1,57,0,1
1,56,0,0
1,56,0,1
1,55,0,0
1,55,0,1
1,54,0,0
1,53,0,1
1,52,0,1
1,52,0,0
1,51,0,0
1,51,0,0
1,51,0,0
1,50,0,1
1,50,0,1
1,50,0,1
1,50,0,0
1,50,0,0
1,50,0,0
1,50,0,1
1,49,0,0
1,49,0,0
1,49,0,0
1,49,0,5
1,49,0,1
1,48,0,2
1,48,0,0
1,48,0,0
1,48,0,4
1,48,0,0
1,48,0,0
1,48,0,1
1,48,0,0
1,48,0,1
1,47,0,2
1,47,0,0
1,47,0,0
1,47,0,1
1,47,0,0
1,47,0,0
1,47,0,0
1,46,0,0
1,46,0,0
1,46,0,0
1,46,0,1
1,46,0,0
1,46,0,0
1,46,0,0
1,46,0,0
1,45,0,0
1,45,0,0
1,45,0,0
1,45,0,0
1,45,0,0
1,45,0,0
1,45,0,0
1,44,0,0
1,44,0,0
1,44,0,0
1,44,0,0
1,43,0,3
1,43,0,0
1,43,0,0
1,43,0,0
1,43,0,0
1,43,0,1
1,43,0,0
1,43,0,0
1,42,0,0
1,42,0,0
1,42,0,0
1,42,0,0
1,42,0,0
1,42,0,1
1,42,0,0
1,41,0,0
1,41,0,0
1,41,0,0
1,41,0,0
1,41,0,0
1,41,0,0
1,41,0,0
1,41,0,0
1,41,0,1
1,41,0,0
1,40,0,3
1,40,0,1
1,40,0,1
1,40,0,0
1,40,0,0
1,40,0,0
1,40,0,0
1,40,0,0
1,39,0,1
1,39,0,0
1,39,0,0
1,39,0,1
1,39,0,0
1,39,0,0
1,39,0,0
1,39,0,0
1,39,0,0
1,38,0,0
1,38,0,0
1,38,0,0
1,38,0,4
1,38,0,0
1,38,0,1
1,38,0,0
1,38,0,1
1,38,0,0
1,37,0,0
1,37,0,1
1,37,0,0
1,37,0,0
1,37,0,1
1,37,0,1
1,37,0,0
1,37,0,0
1,36,0,3
1,36,0,0
1,36,0,0
1,36,0,0
1,36,0,0
1,36,0,4
1,36,0,0
1,36,0,1
1,36,0,0
1,35,0,0
1,35,0,0
1,35,0,1
1,35,0,0
1,35,0,1
1,35,0,1
1,35,0,0
1,35,0,0
1,35,0,1
1,34,0,1
1,34,0,0
1,34,0,3
1,34,0,1
1,34,0,0
1,34,0,0
1,34,0,0
1,34,0,1
1,33,0,0
1,33,0,0
1,33,0,1
1,33,0,0
1,33,0,1
1,33,0,0
1,33,0,0
1,33,0,0
1,33,0,0
1,32,0,0
1,32,0,0
1,32,0,0
1,32,0,0
1,32,0,0
1,32,0,0
1,32,0,1
1,32,0,1
1,32,0,0
1,32,0,1
1,32,0,0
1,32,0,0
1,31,0,0
1,31,0,1
1,31,0,0
1,31,0,0
1,31,0,1
1,31,0,1
1,31,0,0
1,31,0,0
1,31,0,0
1,30,0,1
1,30,0,0
1,30,0,0
1,30,0,0
1,30,0,0
1,30,0,0
1,30,0,0
1,30,0,0
1,30,0,1
1,29,0,0
1,29,0,0
1,29,0,0
1,29,0,1
1,29,0,0
1,29,0,0
1,29,0,0
1,29,0,0
1,29,0,1
1,29,0,2
1,28,0,0
1,28,0,1
1,28,0,0
1,28,0,1
1,28,0,0
1,28,0,0
1,28,0,0
1,27,0,0
1,27,0,4
1,27,0,0
1,27,0,0
1,27,0,0
1,27,0,1
1,27,0,0
1,27,0,0
1,27,0,0
1,27,0,1
1,27,0,1
1,26,0,0
1,26,0,0
1,26,0,1
1,26,0,0
1,26,0,0
1,26,0,1
1,26,0,0
1,26,0,0
1,25,0,1
1,25,0,0
1,25,0,0
1,25,0,3
1,25,0,1
1,25,0,1
1,25,0,0
1,25,0,0
1,24,0,0
1,24,0,0
1,24,0,0
1,24,0,1
1,24,0,0
1,24,0,1
1,24,0,0
1,23,0,0
1,23,0,0
1,23,0,0
1,23,0,0
1,23,0,2
1,23,0,0
1,23,0,0
1,23,0,0
1,22,0,1
1,22,0,0
1,22,0,0
1,22,0,0
1,22,0,0
1,22,0,0
1,22,0,1
1,22,0,1
1,22,0,0
1,22,0,0
1,21,0,1
1,21,0,0
1,21,0,0
1,21,0,0
1,21,0,0
1,21,0,0
1,21,0,0
1,21,0,3
1,21,0,1
1,21,0,1
1,21,0,0
1,21,0,0
1,21,0,0
1,20,0,4
1,20,0,4
1,20,0,2
1,20,0,0
1,20,0,0
1,20,0,0
1,20,0,0
1,20,0,0
1,20,0,0
1,20,0,0
1,19,0,0
1,19,0,0
1,19,0,0
1,19,0,0
1,19,0,0
1,19,0,0
1,19,0,1
1,19,0,0
1,19,0,0
1,19,0,4
1,18,0,3
1,18,0,0
1,18,0,0
1,18,0,0
1,18,0,0
1,18,0,0
1,17,0,0
1,17,0,0
1,17,0,1
1,17,0,0
1,17,0,0
1,17,0,0
1,17,0,0
1,17,0,0
1,17,0,0
1,16,0,0
1,16,0,0
1,16,0,0
1,16,0,0
1,16,0,0
1,16,0,0
1,16,0,0
1,16,0,0
1,15,0,0
1,15,0,3
1,15,0,0
1,15,0,0
1,15,0,0
1,15,0,0
1,15,0,0
1,14,0,0
1,14,0,2
1,14,0,9
1,14,0,0
1,14,0,2
1,14,0,0
1,14,0,1
1,14,0,0
1,13,0,0
1,13,0,0
1,13,0,0
1,13,0,0
1,13,0,0
1,13,0,0
1,13,0,0
1,13,0,0
1,13,0,1
1,13,0,0
1,12,0,1
1,12,0,0
1,12,0,0
1,12,0,2
1,12,0,0
1,12,0,0
1,12,0,0
1,12,0,0
1,12,0,1
1,11,0,3
1,11,0,0
1,11,0,0
1,11,0,1
1,11,0,0
1,11,0,1
1,11,0,0
1,11,0,0
1,11,0,0
1,11,0,0
1,10,0,0
1,10,0,1
1,10,0,0
1,10,0,1
1,10,0,0
1,10,0,0
1,10,0,1
1,9,0,0
1,9,0,1
1,9,0,0
1,9,0,0
1,9,0,0
1,9,0,2
1,9,0,0
1,9,0,0
1,9,0,0
1,9,0,3
1,8,0,1
1,8,0,0
1,8,0,0
1,8,0,0
1,8,0,0
1,8,0,0
1,8,0,0
1,8,0,1
1,8,0,1
1,8,0,1
1,7,0,1
1,7,0,1
1,7,0,0
1,7,0,1
1,7,0,0
1,7,0,0
1,7,0,0
1,6,0,0
1,6,0,0
1,6,0,0
1,6,0,1
1,6,0,0
1,6,0,2
1,6,0,0
1,6,0,0
1,6,0,1
1,6,0,0
1,6,0,0
1,6,0,0
1,5,0,0
1,5,0,0
1,5,0,0
1,5,0,0
1,5,0,0
1,5,0,0
1,5,0,4
1,5,0,0
1,5,0,0
1,5,0,0
1,5,0,0
1,5,0,0
1,4,0,3
1,4,0,1
1,4,0,0
1,4,0,0
1,4,0,1
1,4,0,2
1,4,0,1
1,4,0,0
1,4,0,0
1,4,0,0
1,4,0,1
1,4,0,0
1,4,0,5
1,4,0,0
1,3,0,0
1,3,0,0
1,3,0,1
1,3,0,0
1,3,0,1
1,3,0,0
1,3,0,0
1,3,0,1
1,3,0,0
1,3,0,0
1,2,0,0
1,2,0,0
1,2,0,1
1,2,0,1
1,2,0,0
1,2,0,0
1,2,0,0
1,2,0,0
1,2,0,0
1,2,0,0
1,2,0,1
1,2,0,0
1,2,0,0
1,2,0,5
1,2,0,1
1,2,0,1
1,2,0,0
1,2,0,1
1,2,0,1
1,2,0,0
1,2,0,0
1,2,0,0
1,2,0,0
1,2,0,3
1,2,0,0
1,2,0,0
1,2,0,1
1,2,0,0
1,2,0,1
1,1,0,0
1,1,0,0
1,1,0,0
1,1,0,1
1,1,0,0
1,1,0,0
1,1,0,0
1,1,0,1
1,1,0,0
1,1,0,0
1,1,0,1
1,1,0,0
1,1,0,0
1,1,0,1
1,1,0,0
1,1,0,4
1,1,0,3
1,1,0,1
1,1,0,1
1,1,0,1
1,1,0,1
1,1,0,0
1,1,0,5
1,1,0,3
1,1,0,0
1,1,0,0
1,1,0,0
1,1,0,0
1,1,0,0
1,1,0,0
1,1,0,0
1,1,0,0
1,1,0,1
1,1,0,0
1,1,0,0
1,1,0,4
1,1,0,4
1,1,0,0
1,1,0,0
1,1,0,1
1,1,0,1
1,1,0,1
1,1,0,1
1,1,0,1
1,1,0,1
1,1,0,0
1,1,0,0
1,1,0,3
1,1,0,0
1,1,0,0
1,1,0,0
1,1,0,1
1,1,0,0
1,1,0,0
1,1,0,0
1,0,0,0
1,0,0,2
1,0,0,0
1,0,0,0
1,0,0,0
1,0,0,0
1,0,0,0
1,0,0,1
1,0,0,0
1,0,0,0
1,0,0,0
1,0,0,0
1,0,0,0
1,0,0,0
1,0,0,0
1,0,0,0
1,0,0,0
1,0,0,0
1,0,0,1
1,0,0,0
1,0,0,1
1,0,0,0
1,0,0,0
1,0,0,0
1,0,0,0
1,0,0,0
1,0,0,0
1,0,0,0
1,0,0,0
1,0,0,0
1,0,0,0
1,0,0,0
1,0,0,0
1,0,0,0
1,0,0,0
1,0,0,1
1,0,0,0
1,0,0,0
1,0,0,0
1,0,0,0
1,0,0,3
1,0,0,0
1,0,0,0
1,0,0,0
1,0,0,0
1,0,0,0
1,0,0,0
1,0,0,1
1,0,0,0
1,0,0,1
1,0,0,0
1,0,0,0
1,0,0,0
1,0,0,0
1,0,0,2
1,0,0,2
1,0,0,2
1,0,0,0
1,0,0,1
1,0,0,3
1,0,0,1
1,0,0,0
1,0,0,0
1,0,0,0
1,0,0,0
1,0,0,2
1,0,0,2
1,0,0,3
1,0,0,3
1,0,0,3
1,0,0,3
1,0,0,0
1,0,0,0
1,0,0,0
1,0,0,0
1,0,0,0
1,0,0,0
1,0,0,0
1,0,0,0
1,0,0,0
1,0,0,0
1,0,0,0
1,0,0,0
1,0,0,0
1,0,0,0
1,0,0,1
1,0,0,0
1,0,0,3
1,0,0,1
1,0,0,0
1,0,0,1
1,0,0,1
1,0,0,0
1,0,0,0
1,0,0,0
1,0,0,0
1,0,0,0
1,0,0,2
1,0,0,0
1,0,0,2
1,0,0,2
1,0,0,0
1,0,0,0
1,0,0,1
1,0,0,1
1,0,0,0
1,0,0,0
1,0,0,1
1,0,0,1
1,0,0,0
1,0,0,1
1,0,0,0
1,0,0,2
1,0,0,0
1,0,0,0
1,0,0,0
1,0,0,1
1,0,0,0
1,0,0,2
1,0,0,2
1,0,0,2
1,0,0,3
1,0,0,3
1,0,0,0
1,0,0,1
1,0,0,0
1,0,0,0
1,0,0,0
1,0,0,1
1,0,0,4
1,0,0,0
1,0,0,1
1,0,0,3
1,0,0,0
1,0,0,0
1,0,0,1
1,0,0,0
1,0,0,0
1,0,0,0
1,0,0,0
1,0,0,0
1,0,0,0
1,0,0,0
1,0,0,1
1,0,0,1
1,0,0,0
1,0,0,0
1,0,0,0
1,0,0,0
1,0,0,1
1,0,0,0
1,0,0,0
1,0,0,0
1,0,0,0
1,0,0,0
1,0,0,0
1,0,0,0
1,0,0,0
1,0,0,0
1,0,0,0
1,0,0,0
1,0,0,0
1,0,0,0
1,0,0,4
1,0,0,0
1,0,0,0
1,0,0,0
1,0,0,0
1,0,0,0
1,0,0,0
1,0,0,0
1,0,0,0
1,0,0,0
1,0,0,0
1,0,0,1
1,0,0,1
1,0,0,1
1,0,0,5
1,0,0,0
1,0,0,1
1,0,0,0
1,0,0,0
1,0,0,0
1,0,0,0
1,0,0,0
1,0,0,0
1,0,0,0
1,0,0,0
1,0,0,0
1,0,0,0
1,0,0,7
1,0,0,0
1,0,0,0
1,0,0,0
1,0,0,1
1,0,0,0
1,0,0,1
1,0,0,0
1,0,0,0
1,0,0,0
1,0,0,0
1,0,0,0
1,0,0,2
1,0,0,0
1,0,0,0
1,0,0,4
1,0,0,0
1,0,0,0
1,0,0,0
1,0,0,0
1,0,0,0
1,0,0,1
1,0,0,0
1,0,0,3
1,0,0,0
1,0,0,0
1,0,0,0
1,0,0,0
1,0,0,0
1,0,0,0
1,0,0,0
1,0,0,0
1,0,0,3
1,0,0,0
1,0,0,0
1,0,0,0
1,0,0,0
1,0,0,1
1,0,0,0
1,0,0,0
1,0,0,0
1,0,0,2
1,0,0,0
1,0,0,0
1,0,0,0
1,0,0,0
1,0,0,0
1,0,0,0
1,0,0,6
1,0,0,0
1,0,0,0
1,0,0,0
1,0,0,0
1,0,0,1
1,0,0,0
1,0,0,0
1,0,0,0
1,0,0,0
1,0,0,0
1,0,0,0
1,0,0,0
1,0,0,5
1,0,0,0
1,0,0,0
1,0,0,0
1,0,0,0
1,0,0,4
1,0,0,0
1,0,0,0
1,0,0,0
1,0,0,0
1,0,0,0
1,0,0,0
1,0,0,0
1,0,0,0
1,0,0,0
1,0,0,0
1,0,0,2
1,0,0,1
1,0,0,0
1,0,0,1
1,0,0,0
1,0,0,0
1,0,0,1
1,0,0,0
1,0,0,0
1,0,0,0
1,0,0,0
1,0,0,1
1,0,0,0
1,0,0,1
1,0,0,0
1,0,0,1
1,0,0,0
1,0,0,0
1,0,0,0
1,0,0,0
1,0,0,0
1,0,0,1
1,0,0,0
1,0,0,0
1,0,0,0
1,0,0,1
1,0,0,1
1,0,0,0
1,0,0,1
1,0,0,1
1,0,0,1
1,0,0,1
1,0,0,1
1,0,0,1
1,0,0,1
1,0,0,1
1,0,0,1
1,0,0,1
1,0,0,1
1,0,0,1
1,0,0,0
1,0,0,0
1,0,0,1
1,0,0,0
1,0,0,0
1,0,0,0
1,0,0,2
1,0,0,0
1,0,0,0
1,0,0,1
1,0,0,0
1,0,0,0
1,0,0,0
1,0,0,2
1,0,0,0
1,0,0,0
1,0,0,0
1,0,0,0
1,0,0,1
1,0,0,1
1,0,0,0
1,0,0,3
1,0,0,2
1,0,0,1
1,0,0,4
1,0,0,2
1,0,0,0
1,0,0,1
1,0,0,0
1,0,0,0
1,0,0,0
1,0,0,0
1,0,0,0
1,0,0,0
1,0,0,0
1,0,0,0
1,0,0,0
1,0,0,0
1,0,0,0
1,0,0,0
1,0,0,0
1,0,0,0
1,0,0,0
1,0,0,0
1,0,0,0
1,0,0,0
1,0,0,0
1,0,0,0
1,0,0,0
1,0,0,0
1,0,0,0
1,0,0,0
1,0,0,0
1,0,0,0
1,0,0,0
1,0,0,0
1,0,0,0
1,0,0,0
1,0,0,0
1,0,0,0
1,0,0,0
1,0,0,0
1,0,0,1
1,0,0,1
1,0,0,0
1,0,0,0
1,0,0,0
1,0,0,4
1,0,0,0
1,0,0,1
1,0,0,0
1,0,0,0
1,0,0,0
1,0,0,0
1,0,0,1
1,0,0,0
1,0,0,0
1,0,0,2
1,0,0,0
1,0,0,1
1,0,0,0
1,0,0,1
1,0,0,0
1,0,0,0
1,0,0,0
1,0,0,1
1,0,0,1
1,0,0,0
1,0,0,0
1,0,0,0
1,0,0,0
1,0,0,0
1,0,0,0
1,0,0,0
1,0,0,0
1,0,0,1
1,0,0,0
1,0,0,0
1,0,0,0
1,0,0,0
1,0,0,1
1,0,0,0
1,0,0,0
1,0,0,0
1,0,0,0
1,0,0,0
1,0,0,0
1,0,0,1
1,0,0,0
1,0,0,0
1,0,0,0
1,0,0,0
1,0,0,0
1,0,0,0
1,0,0,0
1,0,0,0
1,0,0,1
1,0,0,0
1,0,0,0
1,0,0,0
1,0,0,0
1,0,0,0
1,0,0,0
1,0,0,0
1,0,0,0
1,0,0,0
1,0,0,0
1,0,0,0
1,0,0,0
1,0,0,0
1,0,0,0
1,0,0,0
1,0,0,0
1,0,0,0
1,0,0,0
1,0,0,0
1,0,0,0
1,0,0,2
1,0,0,0
1,0,0,0
1,0,0,0
1,0,0,1
1,0,0,0
1,0,0,0
1,0,0,0
1,0,0,0
1,0,0,0
1,0,0,0
1,0,0,0
1,0,0,0
1,0,0,0
1,0,0,0
1,0,0,1
1,0,0,0
1,0,0,0
1,0,0,0
1,0,0,0
1,0,0,0
1,0,0,0
1,0,0,0
1,0,0,0
1,0,0,1
1,0,0,0
1,0,0,0
1,0,0,0
1,0,0,1
1,0,0,0
1,0,0,0
1,0,0,1
1,0,0,0
1,0,0,0
1,0,0,0
1,0,0,0
1,0,0,0
1,0,0,0
1,0,0,0
1,0,0,0
1,0,0,0
1,0,0,1
1,0,0,1
1,0,0,6
1,0,0,2
1,0,0,0
1,0,0,1
1,0,0,1
1,0,0,0
1,0,0,0
1,0,0,0
1,0,0,0
1,0,0,1
1,0,0,0
1,0,0,1
1,0,0,0
1,0,0,2
1,0,0,0
1,0,0,0
1,0,0,0
1,0,0,0
1,0,0,2
1,0,0,0
1,0,0,1
1,0,0,1
1,0,0,0
1,0,0,1
1,0,0,0
1,0,0,0
1,0,0,0
1,0,0,0
1,0,0,0
1,0,0,0
1,0,0,0
1,0,0,0
1,0,0,0
1,0,0,0
1,0,0,0
1,0,0,1
1,0,0,0
1,0,0,0
1,0,0,0
1,0,0,0
1,0,0,0
1,0,0,0
1,0,0,1
1,0,0,0
1,0,0,0
1,0,0,2
1,0,0,0
1,0,0,0
1,0,0,0
1,0,0,0
1,0,0,0
1,0,0,0
1,0,0,0
1,0,0,5
1,0,0,0
1,0,0,0
1,0,0,0
1,0,0,0
1,0,0,0
1,0,0,1
1,0,0,0
1,0,0,0
1,0,0,0
1,0,0,0
1,0,0,0
1,0,0,1
1,0,0,0
1,0,0,0
1,0,0,0
1,0,0,0
1,0,0,0
1,0,0,0
1,0,0,0
1,0,0,1
1,0,0,2
1,0,0,0
1,0,0,0
1,0,0,2
1,0,0,3
1,0,0,1
1,0,0,0
1,0,0,0
1,0,0,0
1,0,0,0
1,0,0,0
1,0,0,0
1,0,0,1
1,0,0,2
1,0,0,0
1,0,0,1
1,0,0,0
1,0,0,0
1,0,0,0
1,0,0,0
1,0,0,2
1,0,0,1
1,0,0,0
1,0,0,0
1,0,0,0
1,0,0,0
1,0,0,0
1,0,0,1
1,0,0,0
1,0,0,2
1,0,0,0
1,0,0,1
1,0,0,0
1,0,0,0
1,0,0,0
1,0,0,0
1,0,0,0
1,0,0,2
1,0,0,3
1,0,0,0
1,0,0,0
1,0,0,0
1,0,0,0
1,0,0,1
1,0,0,2
1,0,0,0
1,0,0,0
1,0,0,0
1,0,0,0
1,0,0,0
1,0,0,0
1,0,0,0
1,0,0,1
1,0,0,0
1,0,0,1
1,0,0,0
1,0,0,0
1,0,0,0
1,0,0,3
1,0,0,0
1,0,0,0
1,0,0,0
1,0,0,0
1,0,0,0
1,0,0,2
1,0,0,0
1,0,0,2
1,0,0,1
1,0,0,1
1,0,0,0
1,0,0,0
1,0,0,0
1,0,0,0
1,0,0,0
1,0,0,0
1,0,0,0
1,0,0,0
1,0,0,0
1,0,0,0
1,0,0,0
1,0,0,0
1,0,0,0
1,0,0,0
1,0,0,0
1,0,0,0
1,0,0,0
1,0,0,0
1,0,0,1
1,0,0,1
1,0,0,1
1,0,0,1
1,0,0,1
1,0,0,1
1,0,0,1
1,0,0,1
1,0,0,1
1,0,0,1
1,0,0,1
1,0,0,1
1,0,0,1
1,0,0,1
1,0,0,0
1,0,0,1
1,0,0,0
1,0,0,0
1,0,0,0
1,0,0,1
1,0,0,0
1,0,0,0
1,0,0,0
1,0,0,0
1,0,0,3
1,0,0,0
1,0,0,1
1,0,0,0
1,0,0,1
1,0,0,0
1,0,0,3
1,0,0,0
1,0,0,0
1,0,0,3
1,0,0,0
1,0,0,0
1,0,0,0
1,0,0,2
1,0,0,8
1,0,0,0
1,0,0,1
1,0,0,0
1,0,0,0
1,0,0,0
1,0,0,0
1,0,0,0
1,0,0,0
1,0,0,1
1,0,0,0
1,0,0,0
1,0,0,0
1,0,0,0
1,0,0,0
1,0,0,0
1,0,0,0
1,0,0,0
1,0,0,0
1,0,0,0
1,0,0,0
1,0,0,2
1,0,0,0
1,0,0,1
1,0,0,0
1,0,0,0
1,0,0,4
1,0,0,1
1,0,0,0
1,0,0,1
1,0,0,1
1,0,0,0
1,0,0,0
1,0,0,0
1,0,0,0
1,0,0,0
1,0,0,0
1,0,0,3
1,0,0,0
1,0,0,0
1,0,0,0
1,0,0,0
1,0,0,0
1,0,0,0
1,0,0,0
1,0,0,1
1,0,0,0
1,0,0,3
1,0,0,0
1,0,0,3
1,0,0,0
1,0,0,1
1,0,0,1
1,0,0,0
1,0,0,0
1,0,0,0
1,0,0,0
1,0,0,0
1,0,0,0
1,0,0,0
1,0,0,0
1,0,0,0
1,0,0,0
1,0,0,0
1,0,0,2
1,0,0,0
1,0,0,10
1,0,0,0
1,0,0,1
1,0,0,1
1,0,0,0
1,0,0,0
1,0,0,0
1,0,0,0
1,0,0,0
1,0,0,0
1,0,0,1
1,0,0,0
1,0,0,0
1,0,0,0
1,0,0,0
1,0,0,0
1,0,0,0
1,0,0,2
1,0,0,0
1,0,0,0
1,0,0,0
1,0,0,0
1,0,0,1
1,0,0,1
1,0,0,0
1,0,0,0
1,0,0,1
1,0,0,0
1,0,0,0
1,0,0,0
1,0,0,1
1,0,0,1
1,0,0,0
1,0,0,0
1,0,0,1
1,0,0,0
1,0,0,0
1,0,0,0
1,0,0,0
1,0,0,0
1,0,0,0
1,0,0,0
1,0,0,0
1,0,0,1
1,0,0,0
1,0,0,0
1,0,0,0
1,0,0,0
1,0,0,3
1,0,0,0
1,0,0,0
1,0,0,0
1,0,0,0
1,0,0,0
1,0,0,0
1,0,0,0
1,0,0,0
1,0,0,0
1,0,0,1
1,0,0,0
1,0,0,0
1,0,0,0
1,0,0,0
1,0,0,2
1,0,0,0
1,0,0,0
1,0,0,0
1,0,0,0
1,0,0,0
1,0,0,1
1,0,0,0
1,0,0,0
1,0,0,1
1,0,0,1
1,0,0,0
1,0,0,0
1,0,0,0
1,0,0,0
1,0,0,0
1,0,0,0
1,0,0,1
1,0,0,0
1,0,0,0
1,0,0,0
1,0,0,0
1,0,0,0
1,0,0,0
1,0,0,0
1,0,0,0
1,0,0,0
1,0,0,0
1,0,0,1
1,0,0,2
1,0,0,0
1,0,0,1
1,0,0,0
1,0,0,0
1,0,0,0
1,0,0,0
1,0,0,0
1,0,0,2
1,0,0,0
1,0,0,0
1,0,0,0
1,0,0,0
1,0,0,0
1,0,0,0
1,0,0,1
1,0,0,0
1,0,0,1
1,0,0,0
1,0,0,0
1,0,0,1
1,0,0,0
1,0,0,0
1,0,0,0
1,0,0,0
1,0,0,0
1,0,0,1
1,0,0,1
1,0,0,0
1,0,0,1
1,0,0,0
1,0,0,0
1,0,0,0
1,0,0,0
1,0,0,0
1,0,0,0
1,0,0,0
1,0,0,0
1,0,0,1
1,0,0,0
1,0,0,1
1,0,0,0
1,0,0,0
1,0,0,0
1,0,0,0
1,0,0,0
1,0,0,0
1,0,0,0
1,0,0,0
1,0,0,0
1,0,0,0
1,0,0,1
1,0,0,0
1,0,0,0
1,0,0,1
1,0,0,0
1,0,0,0
1,0,0,0
1,0,0,0
1,0,0,0
1,0,0,0
1,0,0,0
1,0,0,0
1,0,0,0
1,0,0,0
1,0,0,1
1,0,0,0
1,0,0,0
1,0,0,0
1,0,0,0
1,0,0,1
1,0,0,0
1,0,0,0
1,0,0,0
1,0,0,1
1,0,0,2
1,0,0,0
1,0,0,0
1,0,0,0
1,0,0,0
1,0,0,0
1,0,0,0
1,0,0,0
1,0,0,0
1,0,0,0
1,0,0,0
1,0,0,0
1,0,0,0
1,0,0,0
1,0,0,0
1,0,0,0
1,0,0,0
1,0,0,0
1,0,0,1
1,0,0,1
1,0,0,2
1,0,0,1
1,0,0,1
1,0,0,0
1,0,0,0
1,0,0,0
1,0,0,0
1,0,0,0
1,0,0,0
1,0,0,0
1,0,0,0
1,0,0,0
1,0,0,0
1,0,0,1
1,0,0,1
1,0,0,2
1,0,0,0
1,0,0,0
1,0,0,0
1,0,0,0
1,0,0,0
1,0,0,0
1,0,0,0
1,0,0,0
1,0,0,0
1,0,0,0
1,0,0,0
1,0,0,0
1,0,0,0
1,0,0,1
1,0,0,0
1,0,0,0
1,0,0,0
1,0,0,0
1,0,0,1
1,0,0,2
1,0,0,0
1,0,0,0
1,0,0,2
1,0,0,0
1,0,0,0
1,0,0,0
1,0,0,3
1,0,0,0
1,0,0,0
1,0,0,0
1,0,0,0
1,0,0,0
1,0,0,0
1,0,0,0
1,0,0,0
1,0,0,0
1,0,0,0
1,0,0,0
1,0,0,0
1,0,0,0
1,0,0,0
1,0,0,0
1,0,0,0
1,0,0,0
1,0,0,0
1,0,0,0
1,0,0,0
1,0,0,4
1,0,0,0
1,0,0,0
1,0,0,0
1,0,0,0
1,0,0,1
1,0,0,1
1,0,0,0
1,0,0,0
1,0,0,0
1,0,0,0
1,0,0,0
1,0,0,0
1,0,0,0
1,0,0,0
1,0,0,0
1,0,0,0
1,0,0,0
1,0,0,0
1,0,0,0
1,0,0,0
1,0,0,0
1,0,0,3
1,0,0,0
1,0,0,0
1,0,0,0
1,0,0,0
1,0,0,7
1,0,0,0
1,0,0,0
1,0,0,0
1,0,0,0
1,0,0,0
1,0,0,0
1,0,0,0
1,0,0,1
1,0,0,1
1,0,0,1
1,0,0,0
1,0,0,0
1,0,0,0
1,0,0,0
1,0,0,0
1,0,0,0
1,0,0,0
1,0,0,1
1,0,0,0
1,0,0,0
1,0,0,0
1,0,0,0
1,0,0,0
1,0,0,0
1,0,0,0
1,0,0,0
1,0,0,0
1,0,0,0
1,0,0,0
1,0,0,0
1,0,0,0
1,0,0,0
1,0,0,2
1,0,0,1
1,0,0,0
1,0,0,0
1,0,0,0
1,0,0,0
1,0,0,0
1,0,0,0
1,0,0,0
1,0,0,0
1,0,0,1
1,0,0,0
1,0,0,1
1,0,0,0
1,0,0,0
1,0,0,1
1,0,0,0
1,0,0,0
1,0,0,0
1,0,0,3
1,0,0,0
1,0,0,0
1,0,0,0
1,0,0,0
1,0,0,1
1,0,0,1
1,0,0,0
1,0,0,1
1,0,0,0
1,0,0,0
1,0,0,1
1,0,0,0
1,0,0,0
1,0,0,0
1,0,0,0
1,0,0,0
1,0,0,0
1,0,0,0
1,0,0,0
1,0,0,1
1,0,0,0
1,0,0,1
1,0,0,0
1,0,0,0
1,0,0,2
1,0,0,0
1,0,0,0
1,0,0,0
1,0,0,0
1,0,0,0
1,0,0,0
1,0,0,0
1,0,0,0
1,0,0,1
1,0,0,0
1,0,0,0
1,0,0,0
1,0,0,0
1,0,0,0
1,0,0,0
1,0,0,1
1,0,0,0
1,0,0,1
1,0,0,0
1,0,0,1
1,0,0,3
1,0,0,0
1,0,0,0
1,0,0,0
1,0,0,0
1,0,0,0
1,0,0,1
1,0,0,0
1,0,0,0
1,0,0,0
1,0,0,0
1,0,0,0
1,0,0,0
1,0,0,0
1,0,0,0
1,0,0,0
1,0,0,0
1,0,0,0
1,0,0,0
1,0,0,0
1,0,0,0
1,0,0,0
1,0,0,0
1,0,0,0
1,0,0,0
1,0,0,0
1,0,0,0
1,0,0,0
1,0,0,0
1,0,0,0
1,0,0,0
1,0,0,0
1,0,0,0
1,0,0,0
1,0,0,0
1,0,0,0
1,0,0,0
1,0,0,0
1,0,0,0
1,0,0,0
1,0,0,0
1,0,0,0
1,0,0,0
1,0,0,1
1,0,0,1
1,0,0,1
1,0,0,1
1,0,0,1
1,0,0,1
1,0,0,1
1,0,0,1
1,0,0,1
1,0,0,1
1,0,0,1
1,0,0,1
1,0,0,0
1,0,0,0
1,0,0,0
1,0,0,1
1,0,0,0
1,0,0,0
1,0,0,0
1,0,0,0
1,0,0,1
1,0,0,0
1,0,0,1
1,0,0,0
1,0,0,0
1,0,0,1
1,0,0,0
1,0,0,0
1,0,0,0
1,0,0,0
1,0,0,0
1,0,0,0
1,0,0,2
1,0,0,0
1,0,0,0
1,0,0,0
1,0,0,0
1,0,0,0
1,0,0,0
1,0,0,0
1,0,0,0
1,0,0,0
1,0,0,1
1,0,0,6
1,0,0,0
1,0,0,0
1,0,0,0
1,0,0,5
1,0,0,2
1,0,0,0
1,0,0,0
1,0,0,0
1,0,0,0
1,0,0,2
1,0,0,7
1,0,0,0
1,0,0,0
1,0,0,0
1,0,0,1
1,0,0,1
1,0,0,0
1,0,0,0
1,0,0,1
1,0,0,0
1,0,0,1
1,0,0,2
1,0,0,2
1,0,0,2
1,0,0,2
1,0,0,0
1,0,0,0
1,0,0,0
1,0,0,1
1,0,0,0
1,0,0,0
1,0,0,0
1,0,0,0
1,0,0,0
1,0,0,0
1,0,0,0
1,0,0,0
1,0,0,0
1,0,0,0
1,0,0,0
1,0,0,0
1,0,0,0
1,0,0,0
1,0,0,1
1,0,0,0
1,0,0,1
1,0,0,5
1,0,0,0
1,0,0,0
1,0,0,0
1,0,0,0
1,0,0,1
1,0,0,0
1,0,0,0
1,0,0,0
1,0,0,0
1,0,0,0
1,0,0,0
1,0,0,0
1,0,0,0
1,0,0,0
1,0,0,0
1,0,0,1
1,0,0,0
1,0,0,1
1,0,0,0
1,0,0,1
1,0,0,0
1,0,0,0
1,0,0,0
1,0,0,0
1,0,0,0
1,0,0,0
1,0,0,1
1,0,0,0
1,0,0,0
1,0,0,0
1,0,0,0
1,0,0,0
1,0,0,0
1,0,0,0
1,0,0,0
1,0,0,1
1,0,0,0
1,0,0,0
1,0,0,0
1,0,0,0
1,0,0,0
1,0,0,0
1,0,0,1
1,0,0,0
1,0,0,0
1,0,0,1
1,0,0,0
1,0,0,0
1,0,0,0
1,0,0,0
1,0,0,0
1,0,0,2
1,0,0,0
1,0,0,1
1,0,0,0
1,0,0,0
1,0,0,0
1,0,0,1
1,0,0,0
1,0,0,0
1,0,0,0
1,0,0,0
1,0,0,0
1,0,0,0
1,0,0,2
1,0,0,0
1,0,0,0
1,0,0,1
1,0,0,1
1,0,0,0
1,0,0,0
1,0,0,0
1,0,0,0
1,0,0,1
1,0,0,0
1,0,0,0
1,0,0,0
1,0,0,1
1,0,0,1
1,0,0,1
1,0,0,2
1,0,0,1
1,0,0,1
1,0,0,1
1,0,0,0
1,0,0,0
1,0,0,0
1,0,0,1
1,0,0,0
1,0,0,2
1,0,0,2
1,0,0,1
1,0,0,2
1,0,0,2
1,0,0,0
1,0,0,0
1,0,0,0
1,0,0,0
1,0,0,1
1,0,0,0
1,0,0,0
1,0,0,0
1,0,0,1
1,0,0,1
1,0,0,1
1,0,0,1
1,0,0,0
1,0,0,1
1,0,0,0
1,0,0,2
1,0,0,1
1,0,0,0
1,0,0,0
1,0,0,1
1,0,0,0
1,0,0,0
1,0,0,0
1,0,0,0
1,0,0,0
1,0,0,0
1,0,0,1
1,0,0,0
1,0,0,0
1,0,0,0
1,0,0,0
1,0,0,2
1,0,0,0
1,0,0,0
1,0,0,0
1,0,0,0
1,0,0,0
1,0,0,0
1,0,0,1
1,0,0,1
1,0,0,0
1,0,0,0
1,0,0,1
1,0,0,0
1,0,0,0
1,0,0,3
1,0,0,0
1,0,0,0
1,0,0,0
1,0,0,0
1,0,0,0
1,0,0,0
1,0,0,3
1,0,0,0
1,0,0,0
1,0,0,0
1,0,0,0
1,0,0,1
1,0,0,0
1,0,0,0
1,0,0,1
1,0,0,0
1,0,0,0
1,0,0,1
1,0,0,0
1,0,0,0
1,0,0,0
1,0,0,0
1,0,0,1
1,0,0,2
1,0,0,0
1,0,0,0
1,0,0,1
1,0,0,0
1,0,0,0
1,0,0,0
1,0,0,0
1,0,0,0
1,0,0,0
1,0,0,0
1,0,0,0
1,0,0,0
1,0,0,0
1,0,0,1
1,0,0,0
1,0,0,0
1,0,0,1
1,0,0,3
1,0,0,0
1,0,0,0
1,0,0,0
1,0,0,0
1,0,0,1
1,0,0,0
1,0,0,0
1,0,0,0
1,0,0,1
1,0,0,0
1,0,0,3
1,0,0,0
1,0,0,0
1,0,0,0
1,0,0,0
1,0,0,0
1,0,0,0
1,0,0,0
1,0,0,0
1,0,0,0
1,0,0,0
1,0,0,3
1,0,0,0
1,0,0,0
1,0,0,0
1,0,0,0
1,0,0,4
1,0,0,2
1,0,0,0
1,0,0,0
1,0,0,0
1,0,0,0
1,0,0,0
1,0,0,0
1,0,0,0
1,0,0,0
1,0,0,3
1,0,0,0
1,0,0,0
1,0,0,3
1,0,0,1
1,0,0,1
1,0,0,0
1,0,0,0
1,0,0,0
1,0,0,0
1,0,0,1
1,0,0,2
1,0,0,0
1,0,0,1
0,50,139,0
0,78,124,0
0,78,119,0
0,63,119,0
0,67,118,0
0,99,110,0
0,97,110,2
0,78,110,4
0,75,110,3
0,61,110,7
0,101,109,8
0,91,109,0
0,85,109,0
0,75,109,1
0,72,109,0
0,55,109,0
0,89,108,2
0,78,108,0
0,71,108,2
0,54,108,5
0,87,107,5
0,77,107,8
0,77,107,10
0,54,107,1
0,53,107,4
0,106,106,4
0,85,106,4
0,76,106,3
0,70,106,0
0,88,105,0
0,88,105,2
0,58,105,0
0,53,105,2
0,110,104,1
0,92,104,2
0,87,104,3
0,76,104,1
0,56,104,0
0,107,103,4
0,86,103,8
0,86,103,2
0,81,103,0
0,105,102,7
0,86,102,3
0,69,102,3
0,62,102,0
0,82,101,6
0,74,101,0
0,67,101,3
0,94,100,3
0,87,100,1
0,80,100,1
0,66,100,4
0,60,100,2
0,60,100,3
0,60,100,3
0,53,100,2
0,50,100,9
0,105,99,2
0,92,99,2
0,85,99,4
0,79,99,1
0,76,99,0
0,72,99,9
0,72,99,0
0,52,99,3
0,97,98,3
0,96,98,2
0,86,98,2
0,80,98,4
0,75,98,10
0,74,98,2
0,70,98,4
0,69,98,0
0,53,98,0
0,50,98,0
0,100,97,8
0,97,97,3
0,97,97,3
0,78,97,7
0,76,97,3
0,64,97,10
0,63,97,0
0,96,96,3
0,96,96,8
0,93,96,2
0,86,96,3
0,65,96,1
0,60,96,3
0,58,96,0
0,58,96,0
0,57,96,0
0,56,96,10
0,94,95,3
0,94,95,3
0,93,95,3
0,80,95,0
0,78,95,0
0,72,95,0
0,66,95,1
0,56,95,0
0,50,95,0
0,104,94,7
0,95,94,0
0,95,94,8
0,94,94,7
0,82,94,2
0,78,94,0
0,98,93,1
0,96,93,9
0,95,93,7
0,88,93,1
0,86,93,4
0,76,93,0
0,63,93,1
0,61,93,2
0,59,93,0
0,94,92,3
0,93,92,1
0,91,92,4
0,87,92,4
0,81,92,0
0,61,92,8
0,57,92,3
0,56,92,4
0,108,91,10
0,92,91,4
0,89,91,2
0,73,91,9
0,68,91,4
0,68,91,0
0,67,91,1
0,61,91,0
0,97,90,0
0,83,90,2
0,79,90,3
0,76,90,4
0,70,90,9
0,67,90,0
0,62,90,3
0,62,90,0
0,99,89,4
0,97,89,1
0,84,89,1
0,84,89,2
0,80,89,3
0,77,89,1
0,65,89,3
0,63,89,0
0,51,89,1
0,105,88,4
0,104,88,8
0,81,88,5
0,80,88,4
0,77,88,3
0,77,88,3
0,75,88,1
0,75,88,1
0,66,88,1
0,65,88,0
0,58,88,0
0,51,88,0
0,107,87,3
0,104,87,7
0,85,87,2
0,79,87,0
0,79,87,1
0,79,87,0
0,76,87,0
0,64,87,0
0,61,87,0
0,57,87,0
0,53,87,0
0,51,87,3
0,103,86,0
0,103,86,9
0,102,86,2
0,99,86,3
0,93,86,4
0,87,86,1
0,81,86,8
0,79,86,0
0,78,86,5
0,67,86,0
0,62,86,0
0,99,85,3
0,98,85,2
0,93,85,7
0,87,85,3
0,81,85,3
0,72,85,4
0,63,85,0
0,55,85,2
0,89,84,0
0,86,84,0
0,79,84,0
0,75,84,0
0,73,84,4
0,72,84,8
0,106,83,4
0,82,83,2
0,82,83,4
0,76,83,0
0,74,83,3
0,73,83,1
0,70,83,5
0,54,83,2
0,50,83,1
0,103,82,5
0,83,82,0
0,75,82,3
0,71,82,0
0,71,82,2
0,68,82,3
0,67,82,2
0,66,82,3
0,103,81,4
0,89,81,0
0,86,81,0
0,73,81,1
0,71,81,0
0,69,81,3
0,63,81,8
0,59,81,0
0,52,81,1
0,109,80,3
0,89,80,0
0,88,80,4
0,75,80,4
0,72,80,2
0,70,80,3
0,66,80,2
0,63,80,0
0,56,80,0
0,52,80,0
0,52,80,1
0,100,79,1
0,98,79,0
0,90,79,8
0,87,79,0
0,83,79,3
0,78,79,0
0,74,79,4
0,71,79,0
0,71,79,0
0,69,79,2
0,59,79,2
0,56,79,1
0,51,79,0
0,110,78,2
0,100,78,4
0,97,78,3
0,81,78,2
0,77,78,3
0,70,78,0
0,68,78,4
0,67,78,1
0,59,78,0
0,59,78,5
0,57,78,1
0,56,78,0
0,51,78,1
0,51,78,0
0,45,78,3
0,107,77,0
0,95,77,0
0,90,77,4
0,88,77,8
0,78,77,5
0,75,77,4
0,75,77,0
0,66,77,0
0,61,77,0
0,59,77,0
0,58,77,0
0,56,77,0
0,56,77,0
0,55,77,2
0,55,77,0
0,52,77,0
0,52,77,0
0,106,76,4
0,99,76,4
0,96,76,0
0,82,76,1
0,76,76,0
0,72,76,3
0,69,76,1
0,69,76,3
0,67,76,1
0,65,76,0
0,65,76,0
0,57,76,0
0,55,76,0
0,55,76,0
0,52,76,1
0,52,76,0
0,110,75,1
0,109,75,2
0,98,75,0
0,95,75,1
0,82,75,7
0,81,75,3
0,78,75,0
0,75,75,2
0,70,75,1
0,67,75,2
0,66,75,0
0,63,75,0
0,62,75,4
0,61,75,1
0,58,75,0
0,50,75,1
0,138,74,0
0,101,74,4
0,98,74,8
0,95,74,0
0,93,74,10
0,83,74,5
0,79,74,4
0,59,74,0
0,56,74,0
0,51,74,1
0,51,74,0
0,51,74,0
0,51,74,2
0,51,74,0
0,50,74,1
0,91,73,4
0,84,73,2
0,76,73,3
0,74,73,1
0,69,73,10
0,67,73,2
0,67,73,0
0,66,73,0
0,65,73,1
0,62,73,0
0,58,73,1
0,58,73,0
0,54,73,0
0,54,73,3
0,53,73,0
0,45,73,3
0,107,72,5
0,99,72,2
0,85,72,3
0,80,72,4
0,79,72,0
0,76,72,3
0,76,72,0
0,74,72,1
0,70,72,0
0,67,72,0
0,60,72,0
0,59,72,0
0,57,72,0
0,56,72,0
0,53,72,0
0,51,72,0
0,108,71,2
0,91,71,6
0,87,71,3
0,84,71,0
0,82,71,4
0,79,71,8
0,70,71,1
0,65,71,1
0,58,71,0
0,58,71,3
0,57,71,0
0,103,70,5
0,98,70,2
0,95,70,0
0,94,70,1
0,90,70,3
0,83,70,4
0,80,70,3
0,70,70,0
0,63,70,0
0,63,70,0
0,58,70,1
0,56,70,0
0,55,70,0
0,52,70,0
0,51,70,0
0,18,70,0
0,102,69,7
0,81,69,0
0,78,69,0
0,74,69,8
0,73,69,7
0,72,69,4
0,61,69,0
0,60,69,10
0,58,69,0
0,101,68,3
0,91,68,3
0,90,68,1
0,82,68,2
0,79,68,0
0,78,68,3
0,64,68,8
0,63,68,2
0,60,68,0
0,60,68,0
0,57,68,0
0,56,68,1
0,56,68,0
0,53,68,1
0,52,68,0
0,91,67,7
0,91,67,1
0,90,67,10
0,89,67,0
0,85,67,3
0,85,67,0
0,68,67,0
0,64,67,4
0,62,67,1
0,58,67,0
0,57,67,0
0,56,67,1
0,52,67,1
0,100,66,0
0,95,66,5
0,92,66,1
0,88,66,0
0,88,66,0
0,82,66,0
0,77,66,2
0,75,66,0
0,70,66,0
0,69,66,1
0,65,66,0
0,65,66,4
0,63,66,2
0,62,66,1
0,59,66,0
0,57,66,3
0,56,66,0
0,56,66,0
0,109,65,4
0,96,65,4
0,88,65,9
0,80,65,0
0,74,65,0
0,71,65,4
0,70,65,2
0,67,65,0
0,66,65,9
0,56,65,1
0,55,65,10
0,54,65,0
0,51,65,0
0,101,64,0
0,73,64,1
0,69,64,0
0,68,64,4
0,67,64,0
0,65,64,3
0,63,64,0
0,61,64,2
0,59,64,3
0,56,64,6
0,56,64,0
0,54,64,1
0,102,63,3
0,97,63,4
0,89,63,0
0,84,63,8
0,80,63,1
0,67,63,2
0,67,63,1
0,66,63,1
0,66,63,1
0,65,63,0
0,65,63,0
0,59,63,0
0,59,63,0
0,56,63,0
0,56,63,0
0,55,63,0
0,55,63,4
0,51,63,0
0,51,63,0
0,51,63,4
0,50,63,0
0,106,62,2
0,94,62,4
0,90,62,2
0,68,62,1
0,67,62,10
0,64,62,0
0,62,62,4
0,62,62,3
0,57,62,0
0,56,62,0
0,56,62,0
0,56,62,0
0,54,62,0
0,12,62,0
0,98,61,0
0,93,61,4
0,92,61,8
0,87,61,0
0,84,61,1
0,79,61,3
0,78,61,0
0,75,61,1
0,75,61,2
0,64,61,2
0,59,61,0
0,58,61,0
0,56,61,0
0,52,61,2
0,52,61,0
0,100,60,5
0,100,60,1
0,96,60,4
0,79,60,1
0,77,60,0
0,73,60,0
0,69,60,5
0,68,60,0
0,64,60,1
0,60,60,4
0,57,60,0
0,57,60,0
0,57,60,2
0,56,60,0
0,56,60,0
0,54,60,0
0,53,60,2
0,50,60,0
0,102,59,9
0,79,59,0
0,78,59,0
0,77,59,0
0,75,59,0
0,74,59,0
0,74,59,1
0,67,59,0
0,67,59,0
0,67,59,1
0,64,59,3
0,59,59,2
0,59,59,0
0,59,59,0
0,58,59,0
0,56,59,0
0,56,59,0
0,54,59,0
0,52,59,0
0,50,59,3
0,78,58,0
0,76,58,1
0,76,58,0
0,76,58,0
0,75,58,0
0,75,58,0
0,73,58,0
0,73,58,1
0,69,58,1
0,68,58,0
0,63,58,0
0,61,58,2
0,60,58,0
0,59,58,0
0,59,58,3
0,57,58,4
0,57,58,0
0,56,58,1
0,55,58,0
0,51,58,0
0,51,58,0
0,51,58,3
0,50,58,0
0,92,57,1
0,77,57,4
0,76,57,0
0,75,57,0
0,71,57,0
0,68,57,8
0,68,57,0
0,66,57,0
0,65,57,0
0,65,57,0
0,62,57,4
0,62,57,0
0,60,57,0
0,59,57,0
0,58,57,3
0,57,57,0
0,55,57,0
0,55,57,2
0,51,57,6
0,50,57,0
0,50,57,0
0,23,57,1
0,108,56,0
0,104,56,4
0,92,56,8
0,78,56,1
0,78,56,0
0,78,56,0
0,70,56,0
0,67,56,5
0,67,56,0
0,67,56,1
0,64,56,0
0,63,56,0
0,61,56,1
0,60,56,0
0,56,56,0
0,56,56,0
0,55,56,4
0,55,56,0
0,54,56,8
0,52,56,1
0,15,56,0
0,78,55,1
0,78,55,1
0,75,55,2
0,74,55,0
0,70,55,4
0,69,55,0
0,68,55,0
0,67,55,0
0,66,55,0
0,65,55,3
0,65,55,0
0,63,55,2
0,62,55,0
0,62,55,0
0,61,55,0
0,61,55,0
0,60,55,1
0,59,55,1
0,59,55,0
0,58,55,0
0,58,55,0
0,58,55,2
0,57,55,2
0,56,55,0
0,55,55,0
0,54,55,1
0,53,55,4
0,52,55,0
0,49,55,0
0,45,55,0
0,111,54,0
0,108,54,3
0,83,54,2
0,76,54,6
0,75,54,2
0,75,54,0
0,71,54,2
0,68,54,0
0,67,54,1
0,67,54,4
0,65,54,0
0,65,54,1
0,64,54,0
0,60,54,0
0,59,54,0
0,59,54,2
0,58,54,4
0,56,54,3
0,56,54,0
0,55,54,1
0,52,54,0
0,50,54,0
0,105,53,2
0,100,53,0
0,89,53,5
0,75,53,2
0,75,53,0
0,67,53,0
0,57,53,0
0,57,53,0
0,57,53,0
0,57,53,0
0,56,53,0
0,56,53,2
0,56,53,2
0,56,53,0
0,54,53,0
0,51,53,0
0,90,52,4
0,81,52,4
0,80,52,0
0,78,52,0
0,78,52,1
0,76,52,0
0,76,52,5
0,76,52,1
0,74,52,2
0,73,52,4
0,71,52,0
0,65,52,0
0,65,52,1
0,60,52,0
0,60,52,2
0,60,52,1
0,59,52,0
0,59,52,0
0,57,52,4
0,56,52,0
0,56,52,1
0,56,52,0
0,55,52,0
0,53,52,0
0,51,52,7
0,50,52,0
0,46,52,0
0,79,51,0
0,78,51,9
0,77,51,0
0,76,51,1
0,70,51,0
0,69,51,0
0,68,51,0
0,67,51,0
0,66,51,0
0,65,51,0
0,65,51,0
0,64,51,0
0,63,51,0
0,58,51,3
0,56,51,2
0,52,51,0
0,51,51,0
0,16,51,0
0,7,51,0
0,98,50,4
0,97,50,3
0,91,50,9
0,90,50,1
0,80,50,2
0,59,50,8
0,45,50,2
0,31,50,0
0,26,50,3
0,7,50,1
0,68,49,0
0,52,49,1
0,43,49,3
0,62,47,1
0,41,47,0
0,56,46,0
0,45,46,0
0,50,45,0
0,48,45,1
0,63,43,0
0,1,43,0
0,70,42,0
0,63,42,0
0,40,42,0
0,80,41,1
0,71,41,0
0,67,41,1
0,2,41,0
0,15,40,2
0,77,39,2
0,25,39,5
0,10,39,0
0,37,38,4
0,30,37,1
0,46,36,3
0,38,36,0
0,31,36,3
0,71,35,0
0,56,35,0
0,33,35,0
0,18,35,8
0,4,35,0
0,39,34,0
0,24,34,0
0,12,34,0
0,12,34,3
0,66,33,2
0,64,33,0
0,38,33,0
0,26,32,3
0,12,32,2
0,65,31,0
0,48,31,0
0,31,31,3
0,22,31,3
0,39,30,2
0,11,29,4
0,27,28,4
0,42,27,1
0,21,27,4
0,18,27,2
0,44,26,1
0,16,26,2
0,50,25,0
0,29,25,3
0,33,24,3
0,10,24,3
0,4,24,2
0,62,23,6
0,51,23,0
0,40,23,2
0,34,23,0
0,108,22,0
0,62,22,0
0,35,22,0
0,7,22,0
0,66,21,2
0,33,21,2
0,25,21,1
0,15,21,0
0,76,20,5
0,34,20,4
0,8,20,0
0,19,19,0
0,28,18,3
0,36,17,10
0,13,16,1
0,58,15,0
0,45,15,0
0,14,15,4
0,61,14,0
0,23,14,8
0,22,14,0
0,17,13,2
0,20,12,7
0,18,12,0
0,24,11,3
0,75,10,5
0,32,10,9
0,75,9,3
0,58,9,0
0,45,7,0
0,15,7,2
0,72,6,2
0,73,3,2
0,40,1,1
0,39,1,1
0,55,0,1
0,47,0,3
0,45,0,1
0,15,0,4
0,10,0,1
0,7,0,3
0,1,0,4
